Region,CO2 Emissions,Ease of Business,Energy Usage,GDP,Internet Usage,Population Total
Europe,4294,151,1976,5652325082,0.01,3033659
Europe,4166,151,2172,7464446950,0.024,3014579
Europe,4254,151,2172,8376483740,0.06,2992724
Europe,3865,151,2068,9132562332,0.096,2968028
Europe,4056,151,2025,10701011856,0.15,2940880
Europe,4129,151,2061,12881352688,0.239,2912559
Europe,3880,151,2068,12044212904,0.412,2884303
Europe,4283,151,2059,11926953259,0.45,2856673
Africa,92533,151,30698,67863832648,0.022,33003442
Africa,89493,151,30974,85324997370,0.046,33461345
Africa,107128,151,32335,1.03E+11,0.058,33960903
Africa,103963,151,34658,1.17E+11,0.074,34507214
Africa,112339,151,36793,1.35E+11,0.095,35097043
Africa,114619,151,37425,1.71E+11,0.102,35725377
Africa,124586,151,40823,1.37E+11,0.112,36383302
Africa,123475,151,40105,1.61E+11,0.125,37062820
Africa,123475,151,41852,1.99E+11,0.14,37762962
Africa,123475,151,41852,2.04E+11,0.152,38481705
Africa,9065,66,9004,14188949240,0.004,15421075
Africa,18793,66,9676,19640862550,0.005,15976715
Africa,19156,66,9356,28233699240,0.011,16544376
Africa,22266,66,10006,41789494462,0.019,17122409
Africa,25152,66,10697,60448890972,0.032,17712824
Africa,26597,66,11584,84178086999,0.046,18314441
Africa,27836,66,12586,75492417649,0.06,18926650
Africa,30418,66,13378,82470894868,0.1,19549124
The Americas,345,66,140,787693391,0.065,77648
The Americas,345,66,140,778311557,0.089,78972
The Americas,363,66,140,806505874,0.125,80030
The Americas,389,66,140,849234754,0.172,80904
The Americas,407,66,135,905113767,0.243,81718
The Americas,411,66,137,1001970945,0.27,82565
The Americas,425,66,143,1141418340,0.3,83467
The Americas,444,66,146,1289259236,0.34,84397
The Americas,458,66,146,1347407407,0.38,85349
The Americas,499,66,146,1206296296,0.42,86300
The Americas,513,66,146,1135555556,0.47,87233
The Americas,513,66,146,1127037037,0.53,88152
The Americas,513,66,146,1194074074,0.59,89069
The Americas,141077,121,60954,3.44E+11,0.07,36903067
The Americas,132632,121,57835,3.25E+11,0.098,37273361
The Americas,123266,121,55386,1.24E+11,0.109,37627545
The Americas,133127,121,59047,1.57E+11,0.119,37970411
The Americas,156170,121,67303,1.83E+11,0.16,38308779
The Americas,160952,121,66973,2.23E+11,0.177,38647854
The Americas,174238,121,73128,2.64E+11,0.209,38988923
The Americas,180416,121,73673,3.30E+11,0.259,39331357
The Americas,190057,121,77794,4.06E+11,0.281,39676083
The Americas,179639,121,76075,3.78E+11,0.34,40023641
The Americas,180512,121,78162,4.63E+11,0.45,40374224
The Americas,180512,121,80112,5.58E+11,0.51,40728738
The Americas,180512,121,80112,6.03E+11,0.558,41086927
Asia,3465,40,2015,1911563665,0.013,3076098
Asia,3542,40,2006,2118467913,0.016,3059960
Asia,3044,40,1876,2376335048,0.02,3047002
Asia,3429,40,1981,2807061009,0.046,3036032
Asia,3645,40,2095,3576615240,0.049,3025652
Asia,4360,40,2512,4900436759,0.053,3014917
Asia,4382,40,2559,6384457744,0.056,3002911
Asia,5068,40,2853,9206301700,0.06,2989882
Asia,5556,40,3004,11662040714,0.062,2977488
Asia,4353,40,2610,8647936748,0.153,2968154
Asia,4221,40,2483,9260287416,0.25,2963496
Asia,4221,40,2716,10142342770,0.32,2964120
Asia,4221,40,2716,9958217880,0.392,2969081
Oceania,329605,10,108110,4.15E+11,0.468,19153000
Oceania,324860,10,105751,3.79E+11,0.527,19413000
Oceania,341002,10,109461,3.94E+11,0.63,19651400
Oceania,346476,10,110814,4.67E+11,0.63,19895400
Oceania,348757,10,112696,6.13E+11,0.63,20127400
Oceania,362685,10,113503,6.94E+11,0.63,20394800
Oceania,371214,10,115020,7.47E+11,0.66,20697900
Oceania,377235,10,118655,8.54E+11,0.695,20827600
Oceania,387635,10,122519,1.06E+12,0.717,21249200
Oceania,395094,10,122108,9.27E+11,0.743,21691700
Oceania,373081,10,122512,1.14E+12,0.76,22031800
Oceania,373081,10,122888,1.39E+12,0.795,22340000
Oceania,373081,10,133681,1.53E+12,0.79,22723900
Europe,63696,28,28558,1.92E+11,0.337,8011566
Europe,65716,28,30177,1.92E+11,0.392,8042293
Europe,67179,28,30447,2.08E+11,0.366,8081957
Europe,72317,28,32214,2.54E+11,0.427,8121423
Europe,71866,28,32690,2.91E+11,0.543,8171966
Europe,74238,28,33792,3.05E+11,0.58,8227829
Europe,71565,28,33799,3.25E+11,0.636,8268641
Europe,69141,28,33393,3.75E+11,0.694,8300788
Europe,68269,28,33545,4.14E+11,0.729,8336926
Europe,62262,28,31963,3.84E+11,0.735,8365275
Europe,66897,28,34228,3.78E+11,0.752,8389771
Europe,66897,28,33019,4.16E+11,0.787,8406187
Europe,66897,28,32896,3.94E+11,0.8,8429991
Asia,29508,71,11296,5272617196,0.001,8048600
Asia,28771,71,11445,5707618247,0.003,8111200
Asia,29615,71,11559,6236024951,0.05,8171950
Asia,30616,71,12158,7275766111,,8234100
Asia,32090,71,12786,8680511918,,8306500
Asia,34338,71,13427,13245421881,0.08,8391850
Asia,39167,71,13232,20982270733,0.12,8484550
Asia,41426,71,12113,33050343783,0.145,8581300
Asia,45702,71,13322,48852482960,0.171,8763400
Asia,42629,71,11937,44291490421,0.274,8947243
Asia,45731,71,11586,52902703376,0.46,9054332
Asia,45731,71,12561,65951627200,0.5,9173082
Asia,45731,71,12561,68730906314,0.542,9295784
The Americas,1668,76,12561,6327552000,0.08,297759
The Americas,1723,76,664,7094413000,0.22,322400
The Americas,1599,76,696,7706222000,0.25,329088
The Americas,1522,76,706,7965588000,0.26,335622
The Americas,1547,76,709,8318996000,0.27,342049
The Americas,1045,76,709,8246650000,0.315,348340
The Americas,1643,76,709,7820420000,0.339,354492
The Americas,2464,76,709,7888087000,0.43,360498
The Americas,2464,76,709,7872584000,0.65,366331
The Americas,2464,76,709,8149004000,0.717,371960
Middle East,18643,47,5865,9063147901,0.062,668239
Middle East,13927,47,6069,8976446420,0.15,698749
Middle East,15698,47,6433,9632411109,0.181,732541
Middle East,16468,47,6752,11075116594,0.216,772058
Middle East,17510,47,6970,13150516509,0.215,820505
Middle East,19208,47,7332,15969151306,0.213,879534
Middle East,19497,47,8093,18505250857,0.282,950951
Middle East,22398,47,8962,21730590263,0.329,1032353
Middle East,24301,47,9771,25711147929,0.52,1116038
Middle East,24169,47,9340,22938464723,0.53,1191539
Middle East,24202,47,9472,25713547869,0.55,1251513
Middle East,24202,47,9506,29044378668,0.77,1292764
Middle East,24202,47,9506,30362317939,0.88,1317827
Asia,27869,132,18591,47124925462,0.001,132383265
Asia,32457,132,20223,46987842847,0.001,134729503
Asia,33707,132,20756,47571130071,0.001,137006279
Asia,33883,132,21713,51913661485,0.002,139185986
Asia,39750,132,22554,56560744012,0.002,141235035
Asia,37554,132,23868,60277560976,0.002,143135180
Asia,48137,132,25332,61901116736,0.01,144868702
Asia,48467,132,26626,68415421373,0.018,146457067
Asia,46435,132,27873,79554350678,0.025,147969967
Asia,52328,132,29131,89356650349,0.031,149503100
Asia,56153,132,30756,1.00E+11,0.037,151125475
Asia,56153,132,31294,1.12E+11,0.05,152862431
Asia,56153,132,31294,1.16E+11,0.058,154695368
The Americas,1294,84,375,3509700000,0.498,272205
The Americas,1353,84,390,3891500000,0.525,273568
The Americas,1371,84,398,4314050000,0.553,274923
The Americas,1426,84,401,4513250000,0.582,276277
The Americas,1635,84,401,4541550000,0.614,277634
The Americas,1624,84,401,4592650000,0.647,279006
The Americas,1503,84,401,4433700000,0.681,280396
The Americas,1503,84,401,4368900000,0.718,281804
The Americas,1503,84,401,4224850000,0.733,283221
Europe,53469,64,24695,12736856485,0.019,10005000
Europe,52596,64,24785,12354820144,0.043,9928000
Europe,52390,64,25262,14594925393,0.09,9865000
Europe,53722,64,26009,17825436035,0.162,9797000
Europe,58038,64,26888,23141587718,0.162,9730000
Europe,59064,64,26874,30210091837,0.162,9663000
Europe,61829,64,28621,36961918859,0.162,9604000
Europe,60282,64,28039,45275711996,0.197,9560000
Europe,62816,64,28098,60763483146,0.23,9528000
Europe,60293,64,26737,49208656976,0.274,9507000
Europe,62222,64,27686,55220932614,0.318,9490000
Europe,62222,64,29501,59734593905,0.396,9473000
Europe,62222,64,29501,63615445567,0.469,9464000
Europe,115709,32,58508,2.33E+11,0.294,10251250
Europe,114766,32,58391,2.32E+11,0.313,10286570
Europe,107531,32,56375,2.53E+11,0.463,10332785
Europe,114836,32,59242,3.12E+11,0.5,10376133
Europe,111282,32,58895,3.62E+11,0.539,10421137
Europe,108525,32,58688,3.77E+11,0.558,10478617
Europe,106834,32,58111,4.00E+11,0.597,10547958
Europe,103215,32,57019,4.60E+11,0.644,10625700
Europe,103882,32,58600,5.07E+11,0.66,10709973
Europe,104194,32,57096,4.73E+11,0.7,10796493
Europe,108947,32,60892,4.71E+11,0.75,10920272
Europe,108947,32,59094,5.13E+11,0.816,11047744
Europe,108947,32,57286,4.83E+11,0.807,11128246
The Americas,689,104,167,831750000,0.06,238586
The Americas,711,104,167,871840755,0.05,245198
The Americas,359,104,167,932676403,0.057,251766
The Americas,374,104,167,990350000,57,258346
The Americas,381,104,155,1057850000,0.058,265040
The Americas,396,104,161,1114200000,0.092,271920
The Americas,407,104,172,1217450000,0.104,278985
The Americas,425,104,178,1290500000,0.109,286196
The Americas,407,104,178,1369500000,0.113,293544
The Americas,414,104,178,1338500000,0.117,301016
The Americas,422,104,178,1398500000,0.14,308595
The Americas,422,104,178,1489000000,0.187,316280
The Americas,422,104,178,1572500000,0.25,324060
Asia,400,146,210,439158233,0.004,564350
Asia,389,146,226,476360697,0.009,580888
Asia,418,146,236,537050133,0.017,598455
Asia,378,146,244,622026107,0.024,616383
Asia,308,146,180,702682018,0.032,633893
Asia,396,146,204,818869146,0.038,650417
Asia,392,146,211,897672086,0.045,665568
Asia,392,146,244,1196091806,0.059,679365
Asia,422,146,244,1258193519,0.066,692159
Asia,389,146,244,1264758198,0.072,704542
Asia,477,146,244,1585396256,0.136,716939
Asia,477,146,244,1840841618,0.21,729429
Asia,477,146,244,1861157558,0.254,741822
The Americas,10224,158,3737,8397858185,0.014,8495271
The Americas,9824,158,2903,8141513292,0.021,8669066
The Americas,9567,158,3527,7905485216,0.031,8843350
The Americas,14129,158,3688,8082396526,0.035,9016787
The Americas,13084,158,3622,8773451739,0.044,9187610
The Americas,12325,158,5183,9549196256,0.052,9354709
The Americas,14910,158,6439,11451845341,0.062,9517395
The Americas,12757,158,5372,13120183157,0.105,9676456
The Americas,13773,158,5973,16674324634,0.125,9834098
The Americas,14408,158,6203,17339992165,0.168,9993406
The Americas,15456,158,7341,19649631308,0.224,10156601
The Americas,15456,158,7704,23948541156,0.3,10324445
The Americas,15456,158,7704,27035110130,0.355,10496285
Europe,23223,130,4346,5505984456,0.011,3834364
Europe,20700,130,4201,5748990555,0.012,3879353
Europe,22919,130,4407,6651226179,0.026,3897579
Europe,23238,130,4400,8370020196,0.04,3895779
Europe,24617,130,4811,10022840635,0.155,3886723
Europe,25618,130,5042,10948051122,0.213,3879828
Europe,27169,130,5301,12400102623,0.251,3875157
Europe,27884,130,5305,15280615815,0.279,3868665
Europe,30997,130,5954,18543289395,0.347,3861201
Europe,30590,130,6161,17082889410,0.377,3853446
Europe,31125,130,6451,16775919279,0.52,3845929
Europe,31125,130,7095,18252896439,0.6,3839322
Europe,31125,130,7095,16853238733,0.654,3833916
Africa,4276,65,1836,5788311645,0.029,1755375
Africa,4334,65,1868,5489646903,0.034,1783349
Africa,4485,65,1916,5438856515,0.034,1808976
Africa,4265,65,1907,7511538765,0.033,1832602
Africa,4378,65,1857,8957491785,0.033,1854739
Africa,4613,65,1929,9931223496,0.033,1875805
Africa,4646,65,1956,10126990488,0.043,1895944
Africa,4701,65,2033,10939028155,0.053,1915187
Africa,4980,65,2151,11113042238,0.063,1933719
Africa,4397,65,2023,10106837286,0.062,1951715
Africa,5233,65,2263,13746712706,0.06,1969341
Africa,5233,65,2215,15292424757,0.08,1986701
Africa,5233,65,2215,14537490553,0.115,2003910
The Americas,321622,118,198976,5.52E+11,0.132,181752951
The Americas,337826,118,210042,6.64E+11,0.191,184010283
The Americas,347309,118,215332,8.82E+11,0.21,186142403
The Americas,347668,118,222818,1.09E+12,0.282,188134315
The Americas,363213,118,235460,1.37E+12,0.309,189996976
The Americas,387675,118,248594,1.65E+12,0.338,191765567
The Americas,367147,118,240464,1.62E+12,0.392,193490922
The Americas,419754,118,265887,2.14E+12,0.407,195210154
The Americas,419754,118,270028,2.48E+12,0.457,196935134
The Americas,419754,118,270028,2.25E+12,0.486,198656019
Asia,6527,79,2385,6001153318,0.09,331801
Asia,6197,79,2208,5601090584,0.129,339114
Asia,5321,79,2157,5843329102,0.153,346407
Asia,5357,79,2505,6557333067,0.196,353649
Asia,5361,79,2296,7872333197,0.297,360797
Asia,5126,79,2217,9531402830,0.365,367815
Asia,4822,79,3152,11470703002,0.422,374697
Asia,10176,79,3227,12247694247,0.447,381440
Asia,10583,79,3542,14393099069,0.46,388017
Asia,9094,79,3043,10732366286,0.49,394400
Asia,9160,79,3240,12369708859,0.53,400569
Asia,9160,79,3832,16691360399,0.56,406512
Asia,9160,79,3832,16953952625,0.603,412238
Europe,43531,57,18688,12903546765,0.054,8170172
Europe,46454,57,19416,13868600710,0.076,8020282
Europe,44635,57,18861,15979194511,0.091,7868468
Europe,47308,57,19399,20668176834,0.12,7823557
Europe,46787,57,18833,25283228366,0.181,7781161
Europe,47909,57,19898,28895083540,0.2,7739900
Europe,48943,57,20459,33209188739,0.271,7699020
Europe,52812,57,20117,42113656147,0.336,7545338
Europe,50792,57,19815,51824892678,0.397,7492561
Europe,42805,57,17512,48568714012,0.45,7444443
Europe,44679,57,17897,47726575741,0.462,7395599
Europe,44679,57,19216,53542780661,0.48,7348328
Europe,44679,57,19216,51303659418,0.519,7305888
Asia,1977,135,3412,3654031716,0,12222871
Asia,2252,135,3430,3979813388,0.001,12472586
Asia,2208,135,3994,4284028138,0.002,12709336
Asia,2380,135,4115,4658246907,0.003,12934369
Asia,2446,135,3389,5337833256,0.003,13149386
Asia,2776,135,3436,6293046162,0.003,13356424
Asia,3000,135,3429,7274424519,0.005,13555054
Asia,3484,135,3482,8639164917,0.005,13747288
Asia,3975,135,3514,10351829066,0.005,13940518
Asia,4052,135,4907,10401935532,0.005,14144225
Asia,4180,135,5024,11242266334,0.013,14364931
Asia,4180,135,5333,12829541141,0.031,14605862
Asia,4180,135,5333,14054443213,0.049,14864646
Africa,3795,162,6766,13621809574,0.006,17223277
Africa,3957,162,6959,15775356737,0.01,17674960
Africa,3696,162,6981,16587921221,0.014,18137734
Africa,3828,162,6723,17953103009,0.02,18611937
Africa,5834,162,6340,20431779034,0.029,19097676
Africa,5545,162,6395,23735537026,0.034,19595026
Africa,6674,162,6914,22165009363,0.038,20103945
Africa,7235,162,6944,22493301699,0.043,20624343
Africa,7235,162,6720,25486923059,0.05,21156272
Africa,7235,162,6720,26472637887,0.057,21699631
The Americas,534484,17,251450,7.39E+11,0.513,30769700
The Americas,525690,17,247878,7.33E+11,0.602,31081900
The Americas,519163,17,248220,7.53E+11,0.616,31362000
The Americas,553185,17,262038,8.88E+11,0.642,31676000
The Americas,552349,17,267619,1.02E+12,0.66,31995000
The Americas,563072,17,272206,1.16E+12,0.717,32312000
The Americas,550233,17,268302,1.31E+12,0.724,32570505
The Americas,560802,17,271728,1.46E+12,0.732,32887928
The Americas,544975,17,264724,1.54E+12,0.767,33245773
The Americas,513937,17,251326,1.37E+12,0.803,33628571
The Americas,499137,17,250992,1.61E+12,0.803,34005274
The Americas,499137,17,251845,1.78E+12,0.83,34342780
The Americas,499137,17,252651,1.82E+12,0.83,34754312
The Americas,61730,99,28352,1.24E+11,0.312,16337749
The Americas,64393,99,29507,1.55E+11,0.345,16504530
The Americas,71154,99,30565,1.73E+11,0.359,16668892
The Americas,71224,99,30310,1.80E+11,0.373,16831184
The Americas,67267,99,29484,1.72E+11,0.416,16991729
The Americas,72258,99,30920,2.18E+11,0.45,17150760
Asia,5790017,99,1775677,2.26E+12,0.085,1303720000
Asia,6414463,99,1938944,2.71E+12,0.105,1311020000
Asia,6791805,99,2044606,3.49E+12,0.16,1317885000
Asia,7035444,99,2120814,4.52E+12,0.226,1324655000
Asia,7692211,99,2286137,4.99E+12,0.289,1331260000
Asia,8286892,99,2516731,5.93E+12,0.343,1337705000
Asia,8286892,99,2727728,7.32E+12,0.383,1344130000
Asia,8286892,99,2727728,8.23E+12,0.423,1350695000
The Americas,60946,42,27085,1.47E+11,0.11,43184026
The Americas,62940,42,28568,1.63E+11,0.153,43841370
The Americas,63439,42,27919,2.08E+11,0.218,44498390
The Americas,66439,42,29208,2.44E+11,0.256,45153037
The Americas,70850,42,30815,2.34E+11,0.3,45802561
The Americas,75680,42,32235,2.87E+11,0.365,46444798
The Americas,75680,42,31613,3.35E+11,0.404,47078792
The Americas,75680,42,31613,3.70E+11,0.49,47704427
Africa,84,160,34,201899884,0.003,528312
Africa,88,160,34,220115655,0.004,541976
Africa,92,160,34,251162421,0.006,556028
Africa,99,160,34,324470869,0.008,570491
Africa,103,160,34,362420484,0.013,585389
Africa,110,160,37,387036132,0.02,600733
Africa,121,160,42,403179474,0.022,616526
Africa,121,160,41,464948879,0.025,632736
Africa,125,160,41,530131963,0.03,649291
Africa,125,160,41,535199686,0.035,666097
Africa,139,160,41,543376206,0.051,683081
Africa,139,160,41,610372697,0.055,700216
Africa,139,160,41,595898770,0.06,717503
Africa,1646,183,16679,19088046305,0,46949244
Africa,1566,183,17242,7438189100,0,48167045
Africa,1544,183,17841,8728037672,0.001,49516960
Africa,1698,183,18503,8937565919,0.001,50972323
Africa,1936,183,19231,10297481118,0.002,52487293
Africa,2226,183,19971,11964484458,0.002,54028003
Africa,2417,183,20715,14296505933,0.003,55590838
Africa,2604,183,21459,16364027647,0.004,57187942
Africa,2820,183,22246,19206060075,0.004,58819038
Africa,2721,183,22925,18262773766,0.006,60486276
Africa,3040,183,23766,20523286237,0.007,62191161
Africa,3040,183,24497,23831631365,0.012,63931512
Africa,3040,183,24497,27452795398,0.017,65705093
Africa,1049,186,814,3219910666,0,3126204
Africa,862,186,884,2794259756,0,3205636
Africa,708,186,869,3019993723,0.002,3283719
Africa,1085,186,999,3495868725,0.005,3363418
Africa,1181,186,1020,4648628839,0.011,3448868
Africa,1456,186,1083,6087002682,0.015,3542867
Africa,1338,186,1154,7731261169,0.02,3646653
Africa,1437,186,1209,8394688589,0.028,3758858
Africa,1474,186,1260,11859015181,0.043,3876475
Africa,1885,186,1416,9593536719,0.045,3995146
Africa,2028,186,1511,12007880067,0.05,4111715
Africa,2028,186,1659,14425606793,0.056,4225359
Africa,2028,186,1659,13677929162,0.061,4337051
The Americas,5475,109,2874,15946443103,0.058,3929588
The Americas,5761,109,2889,16403602943,0.096,4013488
The Americas,6326,109,3073,16844378578,0.199,4093840
The Americas,6626,109,3297,17517536016,0.203,4171145
The Americas,6931,109,3880,18596365927,0.208,4246336
The Americas,7088,109,3865,19964893807,0.221,4320130
The Americas,7437,109,4182,22526464409,0.251,4392493
The Americas,8573,109,4508,26321999607,0.284,4463226
The Americas,8647,109,4586,29831167681,0.323,4532711
The Americas,7818,109,4561,29382692643,0.343,4601424
The Americas,7770,109,4646,36298327670,0.365,4669685
The Americas,7770,109,4655,41237296807,0.392,4737680
The Americas,7770,109,4655,45374788701,0.475,4805295
Africa,6791,173,6734,10417060605,0.002,16131332
Africa,7726,173,6483,10545285037,0.004,16420173
Africa,7286,173,6946,11486664265,0.005,16674987
Africa,5460,173,6578,13737482343,0.008,16909801
Africa,7664,173,9302,15481092596,0.008,17144325
Africa,7825,173,9634,16363437145,0.01,17393994
Africa,6997,173,9537,17367303156,0.015,17662417
Africa,6883,173,10233,19795705245,0.018,17949061
Africa,6872,173,10278,23414253328,0.019,18260044
Africa,5856,173,9489,23041633638,0.02,18601342
Africa,5805,173,9800,22920779598,0.021,18976588
Africa,5805,173,11233,24074553674,0.022,19389954
Africa,5805,173,11233,24680372724,0.024,19839750
Europe,19644,88,7790,21517784659,0.066,4426000
Europe,20715,88,7948,23052044813,0.116,4440000
Europe,21877,88,8245,26524896398,0.178,4440000
Europe,23542,88,8812,34143409062,0.228,4440000
Europe,23047,88,8831,41003558916,0.309,4439000
Europe,23106,88,8905,44821408831,0.331,4442000
Europe,23175,88,8944,49855078905,0.38,4440000
Europe,24389,88,9325,59319390298,0.414,4436000
Europe,23366,88,9084,69595512099,0.442,4434508
Europe,21555,88,8722,62202619240,0.506,4429078
Europe,20884,88,8564,58873994412,0.566,4417781
Europe,20884,88,8439,61520901516,0.578,4280622
Europe,20884,88,8439,56155732957,0.619,4267558
Europe,120736,68,44941,1.30E+11,0.353,10211216
Europe,122764,68,45904,1.48E+11,0.479,10238905
Europe,123948,68,45845,1.80E+11,0.519,10298828
Europe,117014,68,44870,2.25E+11,0.63,10384603
Europe,108121,68,42044,1.97E+11,0.644,10443936
Europe,111752,68,44043,1.98E+11,0.688,10474410
Europe,111752,68,43429,2.16E+11,0.705,10496088
Europe,111752,68,42823,1.96E+11,0.734,10510785
Europe,47260,5,18634,1.60E+11,0.392,5339616
Europe,49035,5,19203,1.60E+11,0.43,5358783
Europe,49266,5,19004,1.74E+11,0.643,5375931
Africa,385,172,133,572417441,0.003,733732
Africa,400,172,133,591122040,0.005,744434
Africa,407,172,133,622044666,0.006,755085
Africa,458,172,133,666072102,0.008,765776
Africa,473,172,139,708633195,0.01,776585
Africa,488,172,143,768873684,0.013,787544
Africa,488,172,143,847918929,0.016,798690
Africa,524,172,143,999105339,0.023,810100
Africa,532,172,143,1198997305,0.04,821865
Africa,539,172,143,1128611700,0.065,834036
Africa,539,172,143,1239144502,0.07,846646
Africa,539,172,143,1353632942,0.083,859652
The Americas,103,69,39,324463833,0.088,69679
The Americas,114,69,39,330949850,0.132,69660
The Americas,103,69,39,326998081,0.184,69806
The Americas,114,69,39,340803913,0.236,70058
The Americas,110,69,39,366976849,0.303,70325
The Americas,114,69,41,361615918,0.385,70542
The Americas,110,69,42,382299140,0.394,70690
The Americas,150,69,43,412592593,0.403,70795
The Americas,128,69,43,452222222,0.412,70883
The Americas,128,69,43,482592593,0.42,70996
The Americas,136,69,43,475185185,0.475,71167
The Americas,136,69,43,491481481,0.513,71401
The Americas,136,69,43,495555556,0.552,71684
The Americas,19651,69,6840,33969724872,0.115,9343362
The Americas,20693,69,7068,35965041793,0.148,9479269
The Americas,21430,69,7058,41320673508,0.177,9615015
The Americas,21019,69,7104,45796187338,0.208,9750195
The Americas,20323,69,6941,46484962937,0.277,9884265
The Americas,20964,69,7178,50980167048,0.314,10016797
The Americas,20964,69,7382,55433248935,0.38,10147598
The Americas,20964,69,7382,58920504571,0.412,10276621
The Americas,29908,69,11048,41507085000,0.06,13777131
The Americas,29688,69,10255,46802044000,0.072,14023503
The Americas,30759,69,11332,51007777000,0.108,14268397
The Americas,29670,69,10973,61762635000,0.188,14512402
The Americas,30473,69,12678,62519686000,0.246,14756424
The Americas,32636,69,12428,67513698000,0.29,15001072
Africa,167208,127,62741,89685724889,0.128,71777678
Africa,178616,127,66269,1.07E+11,0.137,72990754
Africa,192382,127,71189,1.30E+11,0.16,74229577
Africa,196797,127,72050,1.63E+11,0.18,75491922
Africa,197871,127,71465,1.89E+11,0.257,76775023
Africa,204776,127,73575,2.19E+11,0.314,78075705
Africa,204776,127,77649,2.36E+11,0.398,79392466
Africa,204776,127,77649,2.63E+11,0.44,80721874
The Americas,6454,115,4509,17093800000,0.042,6072538
The Americas,6846,115,4735,18550700000,0.055,6096692
The Americas,6898,115,4479,20104900000,0.061,6122952
The Americas,6546,115,4499,21431000000,0.101,6151776
The Americas,6476,115,4214,20661000000,0.121,6183484
The Americas,6249,115,4210,21418300000,0.159,6218195
The Americas,6249,115,4319,23139000000,0.189,6256242
The Americas,6249,115,4319,23813600000,0.203,6297394
Africa,4712,164,1249,6915849240,0.011,603648
Africa,4752,164,1503,8081982438,0.013,621517
Africa,4796,164,1759,10197937673,0.016,639618
Africa,4796,164,1759,16486743747,0.139,736296
Africa,766,185,763,1098425900,0.139,4854066
Africa,561,185,697,1211161880,0.139,5035036
Africa,579,185,721,1317974493,0.004,5209846
Africa,414,185,677,1380188800,0.005,5382163
Africa,513,185,726,1856695550,0.005,5557889
Africa,513,185,745,2117039511,0.006,5741159
Africa,513,185,765,2607739837,0.007,5932852
Africa,513,185,765,3091967480,0.008,6130922
Europe,16780,21,5164,13905561150,0.615,1354775
Europe,16190,21,5038,16798498860,0.635,1346810
Europe,18845,21,5624,21993674015,0.662,1340680
Europe,17492,21,5440,23781549758,0.706,1337090
Europe,14745,21,4749,19406617022,0.725,1334515
Europe,18339,21,5568,19033475893,0.741,1331475
Europe,18339,21,5603,22542967739,0.765,1327439
Europe,18339,21,5721,22376042498,0.784,1325016
Africa,5831,124,25242,8091384891,0,66024199
Africa,4309,124,26171,8080496318,0,67956866
Africa,4481,124,26867,7707034813,0.001,69948344
Africa,4947,124,27648,8465744001,0.001,71989666
Africa,5244,124,28377,9945571030,0.002,74066147
Africa,5053,124,28935,12173919387,0.002,76167240
Africa,5420,124,29705,15000803171,0.003,78290649
Africa,5915,124,30536,19346646117,0.004,80440708
Africa,6370,124,31482,26571320718,0.005,82621190
Africa,6659,124,32378,31843357840,0.005,84838032
Africa,6494,124,33250,29385611867,0.008,87095281
Africa,6494,124,34064,31367606700,0.011,89393063
Africa,6494,124,34064,42805215879,0.015,91728849
Oceania,1364,58,578,3006725015,0.085,822484
Oceania,1360,58,559,3103099942,0.096,828060
Oceania,1203,58,524,3405050612,0.109,835392
Oceania,1078,58,524,3629936625,0.13,843851
Oceania,847,58,524,2925499821,0.17,852479
Oceania,1291,58,524,3225095136,0.2,860559
Oceania,1291,58,524,3753485389,0.28,867921
Oceania,1291,58,524,4035420973,0.337,874742
Europe,54646,12,34263,1.96E+11,0.745,5246096
Europe,66197,12,37334,2.08E+11,0.797,5266268
Europe,63982,12,36803,2.46E+11,0.808,5288720
Europe,56593,12,35284,2.72E+11,0.837,5313399
Europe,53168,12,33259,2.39E+11,0.825,5338871
Europe,61844,12,36429,2.37E+11,0.869,5363352
Europe,61844,12,34749,2.62E+11,0.887,5388272
Europe,61844,12,33475,2.47E+11,0.899,5413971
Europe,392072,35,270660,2.14E+12,0.429,63176246
Europe,382582,35,266793,2.26E+12,0.469,63617975
Europe,375882,35,263542,2.58E+12,0.661,64012572
Europe,372564,35,264803,2.83E+12,0.707,64371099
Europe,356924,35,253469,2.62E+12,0.716,64702921
Europe,361273,35,261157,2.57E+12,0.773,65023142
Europe,361273,35,252827,2.78E+12,0.778,65343588
Europe,361273,35,251706,2.61E+12,0.814,65676758
Africa,323,148,108,624173996,0.038,1436549
Africa,337,148,114,655068112,0.052,1482324
Africa,396,148,133,798869805,0.062,1529406
Africa,411,148,133,965771303,0.069,1577984
Africa,436,148,133,900629373,0.076,1628332
Africa,473,148,133,951805801,0.092,1680640
Africa,473,148,133,898282866,0.109,1734966
Africa,473,148,133,914109100,0.124,1791225
Asia,5068,9,2841,6411147323,0.061,4361400
Asia,6150,9,3032,7761900179,0.075,4398000
Asia,6190,9,3341,10172260738,0.083,4388400
Asia,6238,9,3005,12799337250,0.1,4383800
Asia,6058,9,3096,10766836277,0.201,4410900
Asia,6241,9,3122,11638536862,0.269,4452800
Asia,6241,9,3543,14434619972,0.315,4483350
Asia,6241,9,3543,15846484588,0.369,4490700
Europe,93806,89,28004,1.30E+11,0.109,10951764
Europe,93670,89,28321,1.46E+11,0.147,10983723
Europe,95738,89,29141,1.93E+11,0.178,11018324
The Americas,216,102,79,700431791,0.205,102951
The Americas,231,102,81,704762536,0.214,103260
The Americas,238,102,81,758888875,0.223,103586
The Americas,260,102,81,825925911,0.232,103932
The Americas,253,102,81,771481468,0.241,104296
The Americas,260,102,81,771111097,0.27,104677
The Americas,260,102,81,801481467,0.32,105483
The Americas,9916,93,7041,19290566570,0.007,11204183
The Americas,10627,93,7188,18702820735,0.017,11478984
The Americas,11096,93,7248,20776536920,0.034,11765738
The Americas,10502,93,7436,21917565500,0.045,12062835
The Americas,11621,93,7785,23965280312,0.051,12367800
The Americas,12453,93,7855,27211230374,0.057,12678919
The Americas,12526,93,7940,30231130543,0.065,12995374
The Americas,12636,93,8528,34113106486,0.073,13317931
The Americas,11441,93,8157,39136441799,0.083,13648307
The Americas,11844,93,9318,37733606156,0.093,13988988
The Americas,11118,93,10251,41338007893,0.105,14341576
The Americas,11118,93,10163,47654789735,0.123,14706578
The Americas,11118,93,10163,50388454861,0.16,15082831
The Americas,1434,113,495,824880550,,760834
The Americas,1291,113,500,1458449058,,765367
The Americas,1291,113,500,2851154076,0.33,795369
The Americas,2076,177,2585,4154289832,0.064,9260879
The Americas,2112,177,2645,4879738636,0.068,9388642
The Americas,2391,177,2509,5885325590,0.072,9513714
The Americas,2428,177,2927,6548530572,0.076,9638255
The Americas,2263,177,2732,6584649419,0.081,9765153
The Americas,2120,177,2409,6622541529,0.084,9896400
The Americas,2120,177,3211,7516834160,0.09,10032864
The Americas,2120,177,3211,7890216508,0.098,10173775
The Americas,7554,125,3997,9672006169,0.065,6898825
The Americas,7008,125,3993,10841723354,0.078,7037428
The Americas,8779,125,4692,12275491273,0.094,7178436
The Americas,8672,125,4648,13789720387,0.096,7322368
The Americas,7866,125,4453,14587485644,0.098,7469844
The Americas,8108,125,4567,15839344592,0.111,7621204
The Americas,8108,125,4740,17710325578,0.159,7776669
The Americas,8108,125,4740,18564264545,0.181,7935846
Europe,57917,52,27583,1.10E+11,0.39,10087065
Europe,57235,52,27330,1.13E+11,0.471,10071370
Europe,55859,52,26729,1.36E+11,0.533,10055780
Europe,54657,52,26458,1.54E+11,0.61,10038188
Europe,48676,52,24859,1.27E+11,0.62,10022650
Europe,50583,52,25667,1.28E+11,0.65,10000023
Europe,50583,52,24964,1.37E+11,0.68,9971727
Europe,50583,52,23499,1.25E+11,0.706,9920362
Europe,2204,13,3480,16286331747,0.87,296734
Europe,2277,13,4159,16651492784,0.895,303782
Europe,2310,13,4836,20428232684,0.906,311566
Europe,2120,13,5354,16832076487,0.91,317414
Europe,2054,13,5384,12115441517,0.93,318499
Europe,1962,13,5369,12564705489,0.934,318041
Europe,1962,13,5731,14042801904,0.948,319014
Europe,1962,13,6021,13586213061,0.962,320716
Asia,1186663,131,457198,4.77E+11,0.005,1042261758
Asia,1203843,131,464501,4.94E+11,0.007,1059500888
Asia,1226791,131,477540,5.24E+11,0.015,1076705723
Asia,1281914,131,489507,6.18E+11,0.017,1093786762
Asia,1348525,131,519165,7.22E+11,0.02,1110626108
Asia,1411128,131,539388,8.34E+11,0.024,1127143548
Asia,1504365,131,567182,9.49E+11,0.028,1143289350
Asia,1611404,131,604659,1.24E+12,0.04,1159095250
Asia,1811289,131,632956,1.22E+12,0.044,1174662334
Asia,1982263,131,698360,1.37E+12,0.051,1190138069
Asia,2008823,131,723743,1.71E+12,0.075,1205624648
Asia,2008823,131,749447,1.88E+12,0.101,1221156319
Asia,2008823,131,749447,1.86E+12,0.126,1236686732
Asia,341992,152,179461,2.86E+11,0.036,224480901
Asia,345120,152,183726,3.65E+11,0.048,227709821
Asia,375545,152,182885,4.32E+11,0.058,230972808
Asia,412387,152,186605,5.10E+11,0.079,234243489
Asia,453106,152,199782,5.40E+11,0.069,237486894
Asia,433989,152,211296,7.09E+11,0.109,240676485
Middle East,469328,152,172442,1.92E+11,0.081,70152384
Middle East,509889,152,180242,2.23E+11,0.088,70976584
Middle East,539790,152,190620,2.86E+11,0.095,71809219
Middle East,570574,152,204312,3.56E+11,0.102,72660887
Middle East,577483,152,213423,3.63E+11,0.111,73542954
Middle East,571612,152,210678,4.23E+11,0.147,74462314
Middle East,571612,152,212145,5.28E+11,0.21,75424285
Middle East,571612,152,212145,5.03E+11,0.275,76424443
Middle East,114770,155,26866,49954890353,0.009,27377045
Middle East,99544,155,21503,65141035028,0.01,28064095
Middle East,62834,155,23696,88837727881,0.009,28740630
Middle East,94444,155,28806,1.32E+11,0.01,29429829
Middle East,106651,155,32846,1.12E+11,0.011,30163199
Middle East,114667,155,37845,1.43E+11,0.025,30962380
Middle East,114667,155,40220,1.91E+11,0.05,31760020
Middle East,114667,155,40220,2.16E+11,0.071,32578209
Europe,43535,15,14330,2.03E+11,0.416,4159914
Middle East,60245,33,18478,1.34E+11,0.252,6930100
Middle East,65977,33,20380,1.51E+11,0.279,7053700
Middle East,66424,33,20700,1.75E+11,0.481,7180100
Middle East,70938,33,22868,2.13E+11,0.594,7308800
Middle East,67029,33,21463,2.06E+11,0.631,7485600
Middle East,70656,33,23195,2.32E+11,0.675,7623600
Middle East,70656,33,23254,2.58E+11,0.689,7765800
Middle East,70656,33,24079,2.58E+11,0.708,7910500
Europe,473380,67,183873,1.79E+12,0.35,57969484
Europe,469347,67,181830,1.87E+12,0.38,58143979
Europe,462676,67,179599,2.13E+12,0.408,58438310
Europe,447187,67,176004,2.31E+12,0.445,58826731
Europe,401592,67,164858,2.11E+12,0.488,59095365
Europe,406307,67,170239,2.06E+12,0.537,59277417
Europe,406307,67,167416,2.20E+12,0.544,59379449
Europe,406307,67,158616,2.01E+12,0.558,59539717
The Americas,10645,91,3717,11075778481,0.128,2643601
The Americas,12020,91,4176,11903020644,0.164,2653042
The Americas,13480,91,4200,12820055025,0.211,2662481
The Americas,11947,91,4078,13676837630,0.236,2671934
The Americas,8592,91,3022,12125023181,0.243,2681386
The Americas,7158,91,2830,13230844040,0.277,2690824
The Americas,7158,91,3066,14433926129,0.374,2699838
The Americas,7158,91,3066,14794802081,0.338,2707805
Asia,1238181,23,520541,4.57E+12,0.669,127773000
Asia,1231302,23,519807,4.36E+12,0.687,127756000
Asia,1251136,23,515198,4.36E+12,0.743,127770750
Asia,1206916,23,495352,4.85E+12,0.754,127704040
Asia,1100650,23,472174,5.04E+12,0.78,127557958
Asia,1170715,23,499092,5.50E+12,0.782,127450459
Asia,1170715,23,461468,5.91E+12,0.791,127817277
Asia,1170715,23,451501,5.94E+12,0.863,127561489
Middle East,20733,119,6853,15056937190,0.139,5536000
Middle East,21540,119,7209,17110610000,0.2,5661000
Middle East,20763,119,7069,21971835256,0.23,5786000
Middle East,21254,119,7458,23818322918,0.26,5915000
Middle East,20821,119,7105,26425379367,0.272,6046000
Middle East,20821,119,7064,28840197019,0.349,6181000
Middle East,20821,119,7064,31015239496,0.41,6318000
Africa,8562,122,16151,18737895401,0.031,35785718
Africa,9575,122,16896,22504136042,0.075,36757498
Africa,9831,122,17230,27236739896,0.08,37752304
Africa,10242,122,17806,30465489796,0.087,38773277
Africa,12350,122,18897,30716343757,0.1,39824734
Africa,12427,122,19719,32440133261,0.14,40909194
Africa,12427,122,20179,34313315840,0.28,42027891
Africa,12427,122,20179,40264403585,0.321,43178141
Asia,462918,6,210176,8.98E+11,0.735,48138077
Asia,470806,6,213600,1.01E+12,0.781,48371946
Asia,495837,6,222147,1.12E+12,0.788,48597652
Asia,508052,6,226946,1.00E+12,0.81,48948698
Asia,509376,6,229178,9.02E+11,0.816,49182038
Asia,567567,6,249964,1.09E+12,0.837,49410366
Asia,567567,6,260440,1.20E+12,0.838,49779440
Asia,567567,6,263002,1.22E+12,0.841,50004441
Middle East,73769,101,25780,1.02E+11,0.288,2417445
Middle East,75236,101,26389,1.15E+11,0.348,2554920
Middle East,79959,101,28843,1.47E+11,0.42,2702221
Middle East,81869,101,30815,1.06E+11,0.508,2850102
Middle East,93696,101,32586,1.20E+11,0.614,2991580
Middle East,93696,101,32523,1.61E+11,0.658,3124705
Middle East,93696,101,32523,1.83E+11,0.705,3250496
Asia,5233,70,2497,2459876152,0.105,5162600
Asia,5145,70,2450,2834168889,0.123,5218400
Asia,5871,70,2726,3802566171,0.14,5268400
Asia,5680,70,2846,5139957785,0.157,5318700
Asia,6480,70,2484,4690062255,0.17,5383300
Asia,6399,70,2805,4794357795,0.184,5447900
Asia,6399,70,3097,6197766119,0.2,5514600
Asia,6399,70,3097,6605133551,0.217,5607200
Europe,7176,24,4528,16041840426,0.46,2238799
Europe,7583,24,4688,19935046397,0.536,2218357
Europe,7928,24,4796,28765687042,0.592,2200325
Europe,7591,24,4586,33669367720,0.634,2177322
Europe,6824,24,4403,25875781250,0.668,2141669
Europe,7616,24,4644,24009680460,0.684,2097555
Europe,7616,24,4371,28480338368,0.697,2059709
Europe,7616,24,4371,28372577697,0.731,2034319
Middle East,15354,105,4907,17260364842,0.08,3235380
Middle East,16208,105,5258,17649751244,0.068,3357600
Middle East,16039,105,5220,19152238806,0.07,3515604
Middle East,18221,105,5220,20082918740,0.08,3690110
Middle East,16835,105,5271,20955223881,0.09,3853582
Middle East,16245,105,5023,21287562189,0.101,3986865
Middle East,14499,105,4774,21796351575,0.15,4079823
Middle East,14972,105,4206,24577114428,0.187,4139813
Middle East,16656,105,5426,28829850746,0.225,4186088
Middle East,20917,105,6652,35139635158,0.301,4246924
Middle East,20403,105,6382,38009950249,0.437,4341092
Middle East,20403,105,6349,40078938640,0.52,4382790
Middle East,20403,105,6349,43205095854,0.612,4424888
Europe,12200,25,7131,11434200000,0.064,3499536
Europe,12919,25,8277,12159225000,0.072,3470818
Europe,13212,25,8865,14163949142,0.177,3443067
Europe,12915,25,9253,18608709857,0.259,3415213
Europe,13330,25,9386,22659294573,0.312,3377075
Europe,13993,25,8848,26085307222,0.362,3322528
Europe,14294,25,8718,30246361657,0.439,3269909
Europe,15137,25,9460,39325985931,0.499,3231294
Europe,15115,25,9520,47438363056,0.552,3198231
Europe,12578,25,8766,37050081723,0.598,3162916
Europe,13561,25,7052,36709511568,0.621,3097282
Europe,13561,25,7287,43083067994,0.636,3028115
Europe,11280,8,2842,5985809060,0.265,2090044
Europe,10939,8,2924,6560546900,0.286,2093801
Europe,11379,8,3045,8159825620,0.363,2096620
Europe,11848,8,3012,9834034351,0.46,2098769
Europe,11408,8,2811,9313573965,0.518,2100558
Europe,10873,8,2883,9338674078,0.519,2102216
Europe,10873,8,3122,10395222334,0.567,2103890
Asia,177373,8,63507,1.44E+11,0.486,25843466
Asia,170648,8,63715,1.63E+11,0.516,26327098
Asia,205308,8,69970,1.94E+11,0.557,26813819
Asia,213221,8,73006,2.31E+11,0.558,27302348
Asia,203882,8,69858,2.02E+11,0.559,27790324
Asia,216804,8,72645,2.48E+11,0.563,28275835
Asia,216804,8,75907,2.89E+11,0.61,28758968
Asia,216804,8,75907,3.05E+11,0.658,29239927
Asia,700,81,225,992473987,0.069,297576
Asia,887,81,288,1303375806,0.11,302825
Asia,917,81,299,1541978559,0.163,308239
Asia,1008,81,299,1891633531,0.232,313843
Asia,1067,81,299,1984639641,0.248,319660
Asia,1074,81,299,2134104884,0.265,325694
Asia,1074,81,299,2162990126,0.34,331964
Asia,1074,81,299,2113179304,0.389,338442
Europe,2065,100,676,3957418083,0.131,381363
Europe,2486,100,787,3917620728,0.179,393028
Europe,2299,100,734,4296164768,0.289,395969
Europe,2582,100,826,5119621569,0.316,398582
Europe,2574,100,830,5643525282,0.346,401268
Europe,2699,100,881,5980795756,0.412,403834
Europe,2574,100,834,6390123590,0.404,405308
Europe,2725,100,878,7513834700,0.469,406724
Europe,2560,100,837,8554293727,0.501,409379
Europe,2497,100,777,8099400961,0.589,412477
Europe,2589,100,848,8163841060,0.63,414508
Europe,2589,100,857,9302057270,0.68,416268
Europe,2589,100,857,8863076923,0.682,419455
The Americas,435046,51,170263,8.66E+11,0.172,110731826
The Americas,441796,51,172307,9.67E+11,0.195,112116694
The Americas,455845,51,176711,1.04E+12,0.208,113529819
The Americas,471444,51,181876,1.10E+12,0.217,114968039
The Americas,446237,51,175752,8.95E+11,0.263,116422752
The Americas,443674,51,178924,1.05E+12,0.311,117886404
The Americas,443674,51,186171,1.17E+12,0.372,119361233
The Americas,443674,51,191924,1.19E+12,0.398,120847477
Europe,4895,86,3500,2988172424,0.146,3595187
Europe,4994,86,3441,3408454198,0.196,3585209
Europe,4686,86,3342,4402495921,0.205,3576910
Europe,4774,86,3363,6054806101,0.234,3570108
Europe,4547,86,3171,5439422031,0.275,3565604
Europe,4855,86,3426,5811604052,0.323,3562045
Europe,4855,86,3331,7016162818,0.38,3559986
Europe,4855,86,3331,7284686576,0.434,3559519
Asia,8647,80,2625,2523359941,0.434,2526502
Asia,9498,80,2925,3414053251,0.434,2559496
Asia,10092,80,3114,4234894168,0.09,2595068
Asia,10029,80,3156,5623236708,0.098,2632834
Asia,11052,80,3252,4583834427,0.1,2672223
Asia,11511,80,3454,6200357070,0.102,2712738
Asia,11511,80,3607,8761426371,0.125,2754209
Asia,11511,80,3607,10321968595,0.164,2796484
Europe,2384,50,1118,2696020575,0.289,616854
Europe,2252,50,1086,3673382212,0.308,617800
Europe,2750,50,1177,4538345345,0.329,618649
Europe,1822,50,994,4158135026,0.351,619408
Europe,2582,50,1174,4114881347,0.375,620078
Europe,2582,50,1179,4501753898,0.356,620644
Europe,2582,50,1179,4045813953,0.568,621081
Africa,45771,95,13327,59523857868,0.151,30125445
Africa,47425,95,13648,65637107776,0.198,30395097
Africa,50267,95,14457,75226318359,0.215,30667086
Africa,49934,95,14933,88882967742,0.331,30955151
Africa,49541,95,15054,90908402631,0.413,31276564
Africa,50608,95,16183,90770671432,0.52,31642360
Africa,50608,95,17283,99211339029,0.461,32059424
Africa,50608,95,17283,95981572517,0.554,32521143
Africa,1822,142,8489,6578515331,0.009,21010376
Africa,1980,142,8742,7095910828,0.008,21587317
Africa,2391,142,9144,8035635713,0.009,22171404
Africa,2340,142,9264,9891003405,0.016,22762525
Africa,2574,142,9554,9674037707,0.027,23361025
Africa,2882,142,9875,9274448732,0.042,23967265
Africa,2882,142,10202,12547888400,0.043,24581367
Africa,2882,142,10202,14376457305,0.048,25203395
Africa,2310,94,1294,7261366632,0.04,2027026
Africa,2329,94,1294,7978609422,0.044,2052931
Africa,2409,94,1345,8836063690,0.048,2080700
Africa,3579,94,1455,8493167843,0.053,2110791
Africa,3183,94,1497,8724107049,0.065,2143498
Africa,3176,94,1552,11141417478,0.116,2178967
Africa,3176,94,1589,12451760766,0.12,2217618
Africa,3176,94,1589,13399386550,0.129,2259393
Asia,3242,103,9132,8130258976,0.008,25292058
Asia,2662,103,9131,9043715356,0.011,25634043
Asia,2699,103,9308,10325618017,0.014,25950022
Asia,3047,103,9634,12545438605,0.017,26249412
Asia,3506,103,9986,12899651884,0.02,26544943
Asia,3755,103,10218,15994094607,0.079,26846016
Asia,3755,103,10391,18850351853,0.09,27156367
Asia,3755,103,10391,19206800719,0.111,27474377
Europe,172228,30,78824,6.38E+11,0.81,16319868
Europe,167201,30,76830,6.78E+11,0.837,16346101
Europe,171766,30,79350,7.83E+11,0.858,16381696
Europe,173845,30,79550,8.71E+11,0.874,16445593
Europe,169650,30,78175,7.96E+11,0.896,16530388
Europe,182078,30,83426,7.77E+11,0.907,16615394
Europe,182078,30,77419,8.33E+11,0.914,16693074
Europe,182078,30,78220,7.70E+11,0.929,16754962
Oceania,33920,3,16846,1.14E+11,0.627,4133900
Oceania,33553,3,16965,1.10E+11,0.69,4184600
Oceania,33648,3,17123,1.35E+11,0.698,4228300
Oceania,34264,3,17412,1.30E+11,0.72,4268900
Oceania,32325,3,17469,1.19E+11,0.797,4315800
Oceania,31551,3,18287,1.43E+11,0.805,4367800
Oceania,31551,3,18167,1.64E+11,0.812,4405200
Oceania,31551,3,18566,1.71E+11,0.82,4433000
The Americas,4320,123,2836,6322582497,0.026,5455219
The Americas,4466,123,2824,6786340353,0.028,5524927
The Americas,4595,123,2871,7458167331,0.039,5595533
The Americas,4386,123,2903,8491371523,0.053,5667983
The Americas,4496,123,2903,8380736990,0.073,5743329
The Americas,4547,123,2951,8938210560,0.1,5822209
The Americas,4547,123,3038,9898547558,0.106,5905146
The Americas,4547,123,3038,10644973606,0.135,5991733
Africa,104697,138,106509,1.12E+11,0.035,139585891
Africa,98514,138,107005,1.45E+11,0.055,143314909
Africa,95210,138,107683,1.66E+11,0.068,147187353
Africa,92621,138,111225,2.08E+11,0.159,151208080
Africa,71719,138,109255,1.69E+11,0.2,155381020
Africa,78910,138,115138,3.69E+11,0.24,159707780
Africa,78910,138,118325,4.12E+11,0.284,164192925
Africa,78910,138,118325,4.63E+11,0.328,168833776
Europe,42438,7,26771,3.04E+11,0.82,4623291
Europe,44257,7,27129,3.40E+11,0.826,4660677
Europe,45089,7,27547,3.93E+11,0.869,4709153
Europe,50326,7,29805,4.54E+11,0.906,4768212
Europe,47077,7,29775,3.79E+11,0.921,4828726
Europe,57187,7,32338,4.21E+11,0.934,4889252
Europe,57187,7,28137,4.91E+11,0.935,4953088
Europe,57187,7,29818,5.00E+11,0.946,5018573
Middle East,29893,44,10772,30905071771,0.067,2522325
Middle East,39604,44,15183,36803641389,0.083,2554905
Middle East,44587,44,17583,41901170689,0.167,2569739
Middle East,41067,44,18679,60743823637,0.2,2593523
Middle East,40264,44,18279,48242913263,0.268,2663224
Middle East,57202,44,23158,58813004375,0.358,2802768
Middle East,57202,44,25276,69971912138,0.48,3024774
Middle East,57202,44,25276,78289467471,0.6,3314001
Asia,136636,106,76227,1.10E+11,0.063,157971415
Asia,146075,106,79345,1.37E+11,0.065,160905794
Asia,158895,106,83538,1.52E+11,0.068,163928329
Asia,156676,106,82046,1.70E+11,0.07,167008083
Asia,157890,106,83197,1.68E+11,0.075,170093999
Asia,161396,106,84311,1.77E+11,0.08,173149306
Asia,161396,106,84845,2.14E+11,0.09,176166353
Asia,161396,106,84845,2.25E+11,0.1,179160111
The Americas,6839,61,2884,15464700000,0.115,3365929
The Americas,7371,61,3093,17137000000,0.173,3428509
The Americas,7125,61,3024,21121900000,0.223,3491034
The Americas,7576,61,3053,24884000000,0.338,3553480
The Americas,8636,61,3367,25925100000,0.391,3615846
The Americas,9633,61,3710,28814100000,0.401,3678128
The Americas,9633,61,4058,33270500000,0.427,3740282
The Americas,9633,61,4058,37956200000,0.403,3802281
The Americas,3832,107,3954,8734651406,0.079,5904170
The Americas,3986,107,4076,10662013273,0.08,6014781
The Americas,4136,107,4225,13794909537,0.112,6125285
The Americas,4353,107,4348,18504128632,0.143,6236005
The Americas,4518,107,4476,15929903100,0.189,6347383
The Americas,5075,107,4789,20030529733,0.198,6459721
The Americas,5075,107,4858,25071193102,0.248,6573097
The Americas,5075,107,4858,24611040343,0.293,6687361
The Americas,37136,39,13646,74147754854,0.171,27723281
The Americas,35064,39,13248,87554128440,0.207,28030688
The Americas,43208,39,14334,1.02E+11,0.252,28328410
The Americas,41279,39,15044,1.21E+11,0.306,28625628
The Americas,47356,39,17200,1.21E+11,0.314,28934303
The Americas,57579,39,19207,1.49E+11,0.348,29262830
The Americas,57579,39,20582,1.71E+11,0.36,29614887
The Americas,57579,39,20582,1.93E+11,0.382,29987800
Asia,74832,133,38756,1.03E+11,0.054,85821214
Asia,67693,133,38456,1.22E+11,0.057,87366573
Asia,69669,133,38514,1.49E+11,0.06,88875548
Asia,75944,133,40009,1.74E+11,0.062,90371287
Asia,74785,133,38102,1.68E+11,0.09,91886400
Asia,81591,133,40512,2.00E+11,0.25,93444322
Asia,81591,133,40452,2.24E+11,0.29,95053437
Asia,81591,133,40452,2.50E+11,0.362,96706764
Europe,303598,48,92377,3.04E+11,0.388,38165445
Europe,320004,48,97241,3.42E+11,0.446,38141267
Europe,315637,48,96824,4.25E+11,0.486,38120560
Europe,316125,48,97892,5.29E+11,0.531,38125759
Europe,298787,48,94002,4.31E+11,0.59,38151603
Europe,317254,48,101539,4.70E+11,0.623,38183683
Europe,317254,48,101313,5.16E+11,0.619,38534157
Europe,317254,48,96543,4.90E+11,0.623,38535873
Middle East,67242,45,22790,79712085615,0.37,1152459
Middle East,67997,45,23642,1.15E+11,0.443,1359114
Middle East,66120,45,24942,97798348830,0.531,1564082
Middle East,70531,45,28973,1.25E+11,0.69,1749713
Middle East,70531,45,33285,1.70E+11,0.69,1910902
Middle East,70531,45,33285,1.90E+11,0.693,2050514
Europe,95676,73,38693,99172613716,0.215,21319685
Europe,102595,73,39936,1.23E+11,0.247,21193760
Europe,100960,73,39757,1.71E+11,0.283,20882982
Europe,94645,73,39617,2.04E+11,0.324,20537875
Europe,80307,73,34882,1.64E+11,0.366,20367487
Europe,78745,73,35031,1.65E+11,0.399,20246871
Europe,78745,73,35830,1.83E+11,0.4,20147528
Europe,78745,73,35830,1.69E+11,0.459,20076727
Europe,1615688,111,651712,7.64E+11,0.152,143113885
Europe,1669618,111,670673,9.90E+11,0.18,142487260
Europe,1667598,111,672591,1.30E+12,0.247,142114903
Europe,1715639,111,688483,1.66E+12,0.268,141956409
Europe,1574368,111,646915,1.22E+12,0.29,141909244
Europe,1740776,111,702292,1.52E+12,0.43,142385523
Europe,1740776,111,730970,1.90E+12,0.49,142956460
Europe,1740776,111,730970,2.02E+12,0.638,143178000
Oceania,158,55,57,412220560,0.034,179928
Oceania,158,55,57,453082900,0.045,181073
Oceania,161,55,58,490916835,0.047,182240
Oceania,161,55,58,573939144,0.05,183444
Oceania,161,55,58,501065927,0.06,184704
Oceania,161,55,58,572971727,0.07,186029
Oceania,161,55,58,631791993,0.11,187429
Oceania,161,55,58,684273267,0.129,188889
Africa,77,166,43,123258507,0.138,154615
Africa,84,166,44,135181862,0.142,158806
Africa,84,166,44,144259257,0.146,163390
Africa,84,166,44,183464986,0.155,168253
Africa,92,166,44,196473839,0.164,173240
Africa,99,166,44,201037917,0.188,178228
Africa,99,166,44,248286778,0.202,183177
Africa,99,166,44,263328450,0.216,188098
Middle East,397642,22,145540,3.28E+11,0.127,24690067
Middle East,432739,22,158214,3.77E+11,0.195,25371936
Middle East,393535,22,144109,4.16E+11,0.3,25915624
Middle East,418240,22,154076,5.20E+11,0.36,26366358
Middle East,431027,22,175675,4.29E+11,0.38,26796375
Middle East,464481,22,192004,5.27E+11,0.41,27258387
Middle East,464481,22,187070,6.70E+11,0.475,27761728
Middle East,464481,22,187070,7.34E+11,0.54,28287855
Africa,5860,176,2791,8707015064,0.048,11270826
Africa,4789,176,2798,9358710763,0.056,11582925
Africa,5335,176,3000,11284603481,0.077,11904974
Africa,5442,176,3036,13386346543,0.106,12238791
Africa,5849,176,3270,12812994670,0.145,12586827
Africa,7059,176,3426,12932427724,0.16,12950564
Africa,7059,176,3515,14440676498,0.175,13330737
Africa,7059,176,3515,14045680427,0.192,13726021
Europe,53766,87,16051,25234408773,0.263,7440769
Europe,53766,87,17064,29221081587,0.272,7411569
Europe,52251,87,16602,38952093544,0.332,7381579
Europe,51881,87,16808,47760580366,0.356,7350221
Europe,46127,87,15177,40249472482,0.381,7320807
Europe,45962,87,15536,36990001284,0.409,7291436
Europe,45962,87,16185,43749934551,0.422,7234099
Europe,45962,87,16185,38110737579,0.481,7199077
Africa,697,1,228,919103262,0.254,82900
Africa,744,1,243,1016419769,0.35,84600
Africa,653,1,205,1033635773,0.384,85033
Asia,30359,1,21947,1.27E+11,0.61,4265800
Asia,30799,1,23509,1.48E+11,0.59,4401400
Asia,17866,1,21819,1.80E+11,0.699,4588600
Asia,19637,1,25162,1.92E+11,0.69,4839400
Asia,24767,1,28262,1.92E+11,0.69,4987600
Asia,13520,1,34280,2.36E+11,0.71,5076700
Asia,13520,1,33447,2.74E+11,0.71,5183700
Asia,13520,1,33447,2.87E+11,0.72,5312400
Europe,39175,16,18830,61328471583,0.552,5372807
Europe,38929,16,18640,69002095095,0.561,5373054
Europe,36600,16,17850,84108560088,0.618,5374622
Europe,37557,16,18321,97908891167,0.661,5379233
Europe,33890,16,16735,87239747152,0.7,5386406
Europe,36094,16,17828,87077443709,0.757,5391428
Europe,15867,16,7293,35717733757,0.468,2000474
Europe,16245,16,7321,38945146500,0.54,2006868
Europe,16212,16,7321,47349639895,0.567,2018122
Europe,17180,16,7740,54554616826,0.58,2021316
Europe,15310,16,7097,49208375314,0.64,2039669
Europe,15328,16,7230,46999407184,0.7,2048583
Oceania,180,16,58,375109695,0.006,457827
Oceania,180,16,58,413909879,0.008,469306
Oceania,180,16,59,456735445,0.016,480745
Oceania,198,16,64,516209150,0.02,492148
Africa,396117,176,128214,2.47E+11,0.075,47639556
Africa,424844,176,127255,2.61E+11,0.076,48269753
Africa,443648,176,136604,2.86E+11,0.081,48910248
Africa,465023,176,146768,2.73E+11,0.084,49561256
Africa,503941,176,142761,2.84E+11,0.1,50222996
Africa,460124,176,142291,3.65E+11,0.24,50895698
Europe,353462,16,141914,1.13E+12,0.479,43653155
Europe,350037,16,141748,1.24E+12,0.504,44397319
Europe,358237,16,143836,1.44E+12,0.551,45226803
Europe,329286,16,139013,1.59E+12,0.596,45954106
Europe,288237,16,127732,1.45E+12,0.624,46362946
Europe,269675,16,127749,1.38E+12,0.658,46576897
Asia,11643,83,9001,24405791045,0.018,19644000
Asia,11738,83,9083,28267410543,0.025,19858000
Asia,12457,83,9261,32351184234,0.039,20039000
Asia,11892,83,8942,40715240469,0.058,20217000
Asia,12831,83,9082,42067974595,0.088,20450000
Asia,12710,83,9844,49567521670,0.12,20653000
Asia,12710,83,10421,59178013928,0.15,20869000
Asia,12710,83,10421,59393056426,0.183,20328000
The Americas,367,39,123,908558307,0.216,165407
The Americas,367,39,119,1018069267,0.245,167658
The Americas,385,39,128,1145555535,0.279,170149
The Americas,198,39,67,551431645,0.092,108749
The Americas,202,39,70,611040126,0.12,108908
The Americas,202,39,70,684074074,0.16,109045
Africa,10708,176,14837,26524992225,0.013,31585871
Africa,11503,176,15917,35159250985,,32397535
Africa,12541,176,15294,45456460335,0.087,33218250
Africa,12589,176,15539,54082389393,,34040065
Africa,14056,176,16297,52839990731,,34853178
Africa,14173,176,16605,65632237471,0.167,35652002
The Americas,2380,39,696,1793557833,0.064,499523
The Americas,2442,39,714,2626093294,0.095,505186
The Americas,2442,39,714,2936612022,0.141,510433
Africa,1019,176,399,2584077931,0.037,1104642
Africa,1016,176,406,2947922183,0.037,1118253
Africa,1063,176,423,3053823329,0.041,1134977
Europe,51562,14,51569,3.71E+11,0.848,9029572
Europe,49571,14,50207,3.99E+11,0.878,9080505
Europe,48060,14,50060,4.63E+11,0.82,9148092
Europe,49105,14,49601,4.86E+11,0.9,9219637
Europe,43744,14,45407,4.06E+11,0.91,9298515
Europe,52515,14,51315,4.63E+11,0.9,9378126
Europe,52515,14,49045,5.36E+11,0.928,9449213
Europe,52515,14,48877,5.24E+11,0.932,9519374
Europe,41375,27,25941,3.85E+11,0.701,7437115
Europe,41877,27,27084,4.05E+11,0.757,7483934
Europe,38019,27,25760,4.51E+11,0.772,7551117
Europe,40392,27,26773,5.24E+11,0.792,7647675
Europe,41598,27,26968,5.09E+11,0.813,7743831
Europe,38757,27,26199,5.49E+11,0.839,7824909
Europe,38757,27,25375,6.59E+11,0.852,7912398
Europe,38757,27,25500,6.31E+11,0.852,7996861
Asia,2439,141,2342,2312319579,0.003,6805655
Asia,2655,141,2414,2830236054,0.038,6954522
Asia,3223,141,2583,3719497371,0.072,7111025
Asia,3033,141,2473,5161336170,0.088,7275252
Asia,2893,141,2333,4979481980,0.101,7447396
Asia,2860,141,2370,5642178580,0.116,7627326
Asia,2860,141,2395,6522732203,0.13,7814850
Asia,2860,141,2395,7633049792,0.145,8008990
Africa,5618,136,17141,14141916592,0.011,38824384
Africa,5959,136,17809,14331231239,0.013,39942347
Africa,6150,136,18306,16825547176,0.016,41119693
Africa,6538,136,18921,20715086119,0.019,42353790
Africa,6447,136,19345,21368165400,0.024,43639752
Africa,6846,136,20043,22915004297,0.029,44973330
Africa,6846,136,20747,23874165047,0.035,46354607
Africa,6846,136,20747,28248631876,0.04,47783107
Asia,256169,18,99166,1.76E+11,0.15,65559487
Asia,261211,18,101043,2.07E+11,0.172,65883961
Asia,262205,18,104886,2.47E+11,0.2,66076927
Asia,261838,18,107656,2.73E+11,0.182,66185340
Asia,276587,18,107300,2.64E+11,0.201,66277335
Asia,295282,18,117429,3.19E+11,0.224,66402316
Asia,295282,18,119147,3.46E+11,0.237,66576332
Asia,295282,18,119147,3.66E+11,0.265,66785001
Asia,161,167,58,350100000,0.265,853585
Asia,161,167,58,429700000,0.265,871353
Asia,161,167,58,426700000,0.265,899367
Asia,161,167,58,436500000,0.265,933369
Asia,176,167,58,455500000,0.265,966987
Asia,176,167,58,479100000,0.001,982889
Asia,180,167,59,462600000,0.001,999053
Asia,183,167,61,558700000,0.001,1015482
Asia,191,167,61,693800000,0.002,1032182
Asia,183,167,61,826700000,0.002,1049156
Asia,183,167,61,934300000,0.002,1066409
Asia,183,167,61,1128300000,0.009,1120392
Asia,183,167,61,1355000000,0.009,1148958
Africa,1338,159,2372,2115154090,0.018,5540214
Africa,1221,159,2368,2202809211,0.02,5685845
Africa,1316,159,2458,2523462649,0.022,5834806
Africa,1456,159,2563,3163416556,0.024,5987491
Africa,1503,159,2628,3163000591,0.026,6144457
Africa,1540,159,2692,3172945506,0.03,6306014
Africa,1540,159,2764,3756023048,0.035,6472304
Africa,1540,159,2764,3915754216,0.04,6642928
Oceania,121,60,57,188623258,0.024,97962
Oceania,143,60,57,167042880,0.028,98504
Oceania,147,60,57,181801947,0.029,99083
Oceania,176,60,57,208098552,0.03,99691
Oceania,172,60,57,240794581,0.04,100319
Oceania,158,60,57,264812954,0.049,100960
Oceania,176,60,57,295998379,0.059,101617
Oceania,154,60,58,301064027,0.072,102289
Oceania,161,60,58,346850176,0.081,102947
Oceania,172,60,58,318522296,0.1,103557
Oceania,158,60,58,369212477,0.16,104098
Oceania,158,60,58,423038017,0.25,104554
Oceania,158,60,58,471575497,0.349,104941
The Americas,24514,63,10854,8154315708,0.077,1267980
The Americas,25024,63,11762,8824873156,0.154,1272347
The Americas,26890,63,12540,9008273516,0.22,1277723
The Americas,27697,63,13541,11235960523,0.26,1283868
The Americas,30993,63,14115,12884712296,0.27,1290379
The Americas,28581,63,16880,16088526686,0.29,1296933
The Americas,32152,63,19585,18460905284,0.3,1303478
The Americas,46461,63,20331,21830397705,0.323,1310040
The Americas,42541,63,19563,28165793618,0.348,1316449
The Americas,48177,63,20277,19332270662,0.443,1322518
The Americas,50682,63,21370,20758191858,0.485,1328095
The Americas,50682,63,20918,23676348287,0.552,1333082
The Americas,50682,63,20918,23436342520,0.595,1337439
Africa,19923,49,7306,21473188882,0.028,9563500
Africa,20818,49,7711,22066101341,0.043,9673600
Africa,21016,49,7814,23141757278,0.053,9781900
Africa,21397,49,8028,27453084983,0.065,9839800
Africa,22446,49,8463,31183139301,0.085,9932400
Africa,22801,49,8314,32282960678,0.097,10029000
Africa,23128,49,8752,34378437265,0.13,10127900
Africa,23869,49,9039,38920218579,0.171,10225100
Africa,25013,49,9427,44856586316,0.275,10328900
Africa,24807,49,9193,43454935940,0.341,10439600
Africa,25878,49,9674,44054072936,0.368,10549100
Africa,25878,49,9504,45951129422,0.391,10673800
Africa,25878,49,9504,45238491581,0.414,10777500
Europe,333869,140,142883,86142018069,0.037,47105150
Europe,326480,140,137333,1.08E+11,0.045,46787750
Europe,327595,140,137343,1.43E+11,0.066,46509350
Europe,323459,140,134562,1.80E+11,0.11,46258200
Europe,261813,140,114420,1.17E+11,0.179,46053300
Europe,304805,140,132308,1.36E+11,0.233,45870700
Europe,304805,140,126438,1.63E+11,0.287,45706100
Europe,304805,140,126438,1.77E+11,0.353,45593300
Europe,541986,11,222638,2.32E+12,0.7,60401206
Europe,542041,11,218961,2.48E+12,0.688,60846820
Europe,528906,11,210993,2.86E+12,0.751,61322463
Europe,522467,11,208209,2.69E+12,0.784,61806995
Europe,475108,11,196485,2.21E+12,0.836,62276270
Europe,493505,11,201829,2.30E+12,0.85,62766365
Europe,493505,11,188074,2.46E+12,0.854,63258918
Europe,493505,11,192381,2.46E+12,0.875,63695687
The Americas,5826394,4,2318861,1.31E+13,0.68,295516599
The Americas,5737616,4,2296686,1.39E+13,0.689,298379912
The Americas,5828697,4,2337014,1.45E+13,0.75,301231207
The Americas,5656839,4,2277034,1.47E+13,0.74,304093966
The Americas,5311840,4,2164458,1.44E+13,0.71,306771529
The Americas,5433057,4,2215504,1.50E+13,0.717,309326295
The Americas,5433057,4,2191193,1.55E+13,0.697,311582564
The Americas,5433057,4,2132446,1.62E+13,0.793,313873685
The Americas,5776,85,2957,17362872710,0.201,3325155
The Americas,6648,85,3183,19579479147,0.294,3330217
The Americas,5999,85,3172,23410536914,0.34,3338384
The Americas,8331,85,4153,30366148205,0.393,3348898
The Americas,7891,85,4134,30461322555,0.418,3360431
The Americas,6645,85,4174,38881102075,0.464,3371982
The Americas,6645,85,4430,47236710623,0.514,3383486
The Americas,6645,85,4430,50004354667,0.545,3395253
Asia,111888,156,46965,14307509839,0.033,26167000
Asia,116530,156,48872,17030896203,0.064,26488250
Asia,116944,156,48718,22311393928,0.075,26868000
Asia,120039,156,50512,27934030937,0.091,27302800
Asia,116607,156,44831,32816828373,0.171,27767400
Asia,104443,156,43747,39332770929,0.2,28562400
Asia,104443,156,47755,45324319955,0.302,29339400
Asia,104443,156,47755,51183443225,0.365,29774500
Oceania,55,78,30,394962552,0.051,209375
Oceania,48,78,31,437072934,0.059,214654
Oceania,95,78,35,526425740,0.068,220001
Oceania,92,78,35,607983815,0.073,225398
Oceania,117,78,35,610075807,0.075,230833
Oceania,117,78,35,700804286,0.08,236299
Oceania,117,78,35,785745262,0.092,241778
Oceania,117,78,35,786938335,0.106,247262
The Americas,181630,180,66558,1.46E+11,0.126,26725897
The Americas,171825,180,63705,1.83E+11,0.152,27190882
The Americas,175785,180,62934,2.30E+11,0.208,27655937
The Americas,186812,180,69597,3.16E+11,0.259,28120312
The Americas,185341,180,69597,3.29E+11,0.327,28583040
The Americas,201747,180,75502,3.94E+11,0.374,29043283
The Americas,201747,180,70198,3.16E+11,0.402,29500625
The Americas,201747,180,70198,3.81E+11,0.491,29954782
Asia,97942,98,41455,57633255739,0.127,82393500
Asia,102456,98,42475,66371664817,0.173,83313000
Asia,113651,98,45777,77414425532,0.208,84221100
Asia,127164,98,48984,99130304099,0.239,85122300
Asia,140057,98,53450,1.06E+11,0.266,86025000
Asia,150230,98,58912,1.16E+11,0.307,86932500
Middle East,20044,129,6589,16753787028,0.01,20139661
Middle East,20796,129,7054,19081726103,0.012,20661714
Middle East,21712,129,7014,25633674564,0.05,21182162
Middle East,22207,129,7208,30397203369,0.069,21703571
Middle East,23058,129,7764,27838718233,0.1,22229625
Middle East,21852,129,8360,31743751169,0.124,22763008
Africa,2274,90,7213,7178556337,0.029,11470022
Africa,2226,90,7396,10702200822,0.042,11781612
Africa,1654,90,7399,11541420981,0.049,12109620
Africa,1845,90,7641,14640792100,0.056,12456527
Africa,2156,90,7842,12805029522,0.063,12825031
