Latitude,Longitude,DepthMeters,Magnitude
39.644,-75.483,5000,2.8
37.379,-80.746,11500,2.8
45.296,-73.475,18000,2.1
42.825,-78.239,5000,2.4
38.619,-80.909,100,3.4
38.675,-80.82,2300,2.4
38.818,-80.43,17000,2.5
38.792,-80.398,10700,2.5
39.433,-81.362,5000,2.8
41.514,-80.333,5000,2.7
40.859,-74.179,2000,2.1
41.11,-80.68,5000,2.6
44.964,-74.588,17000,2.4
44.673,-73.841,10000,2.6
40.011,-74.796,5000,1.9
39.51,-81.47,5000,3.1
39.422,-81.205,5000,2.6
41.115,-80.682,5000,2.5
41.035,-73.543,4300,2.1
39.509,-77.19,6000,2.2
45.132,-74.147,18000,3
45.219,-74.362,18000,2.6
43.356,-78.634,5000,2.5
41.075,-74.222,5000,2
41.238,-77.0555,10800,2.3
45.0995,-74.207,4900,2
44.895,-74.5235,12500,2.7
42.592,-74.1458,15400,2.2
43.8283,-74.236,5000,2.3
43.834,-74.1003,12800,1.6
38.668,-82.215,15400,2.5
43.407,-78.3345,6800,1.9
43.9087,-73.9885,7100,1.5
42.8187,-78.2457,9900,1.4
39.8485,-77.5933,5000,2.1
38.4176,-80.9942,1400,2.5
37.362,-81.624,5000,4.7
38.8956,-80.887,21200,2.7
44.9832,-74.6032,4100,1.4
38.8393,-80.9087,12700,2.8
38.8414,-80.9387,6100,2.6
43.351,-73.7943,10200,2.7
44.6673,-74.0823,13900,2
42.5963,-76.9065,5000,2
38.506,-82.7978,5700,2.2
37.7476,-80.6433,8200,2.2
44.9553,-74.806,5000,1.8
39.9273,-76.324,5000,1.8
44.5608,-75.1253,7500,1.8
45.0958333,-73.646,12000,2.75
44.7683333,-73.8276667,5000,1.75
44.5101667,-75.9473333,4170,2.06
44.9763333,-74.8253333,9410,1.32
41.319,-73.6928333,3000,1.73
40.9516667,-74.397,8000,1.86
38.6438,-81.5855,29600,2.6
41.3643333,-73.9343333,5000,2.53
40.7226667,-74.1138333,11120,1.62
43.579,-78.6248333,4540,1.49
43.4063333,-73.9891667,7000,1.56
42.9395,-74.4311667,5000,1.79
41.196,-80.7765,2560,2.14
41.018,-74.0321667,13870,1.27
43.2981667,-78.3395,4430,1.7
43.6283333,-73.9718333,6430,1.62
43.1398333,-78.777,8960,1.51
43.5065,-79.1693333,5000,2.26
45.0808333,-74.2346667,16070,2.14
37.8076,-82.1206,1000,2.3
44.7705,-74.9714,13200,1.8
43.0108,-76.4098,800,2.2
37.8606,-81.6165,500,2.9
38.0555,-81.6617,1300,2.7
37.9899,-81.3333,500,2.8
44.387,-73.889,3000,3.1
43.855,-74.242,11000,2.6
39.697,-78.237,15000,3.1
41.159,-74.557,8000,0.9
42.698,-74.365,6000,2.7
42.754,-77.855,2000,2.5
39.999,-75.6573333,2000,2.73
41.054,-74.2945,6230,1.24
41.0011667,-73.6486667,2010,1.7
40.268,-76.141,5000,2.6
40.231,-75.892,7000,2.1
43.4086667,-79.1936667,3320,2.27
44.011,-75.1721667,14470,1.33
45.1875,-73.9578333,17180,2.07
44.5326667,-73.7243333,5270,1.34
39.892,-76.4083333,1300,1.54
40.8935,-74.3375,7910,1.39
37.1799,-81.8663,17100,2.3
44.896,-73.574,10000,4.2
38.0969,-82.0546,200,2.2
37.3466,-81.4547,400,2.6
37.8172,-81.7819,12600,2.5
39.7113,-79.735,4200,1.4
43.0225,-76.4203,1200,2.3
37.6355,-82.6168,1200,2.2
37.3689,-81.6311,1400,2.6
37.7563,-82.1132,1300,2.5
41.43,-73.788,3000,2.3
41.593,-73.933,3000,2.5
45.106,-74.606,16000,3
45.106,-74.607,16000,3.3
40.999,-73.831,4900,1.9
44.657,-75.558,5200,2.9
41.896,-80.767,5000,3.5
41.9,-80.8,5000,2.7
40.347,-76.018,5000,2.8
40.35,-76.02,5000,2
40.35,-76.02,5000,2.3
40.098,-76.967,5000,2.2
45.04,-74.83,18000,2.9
43.624,-75.37,5000,3.2
44.908,-74.547,14000,2.9
44.36,-74.968,4200,3
41.495,-80.388,5000,4.5
44.76,-73.8,10200,2.9
43.96,-74.24,6000,2.3
43.949,-74.257,5000,3.8
41.42,-73.63,6700,2.6
41.16,-74.535,8000,2.6
40.228,-75.995,2000,1
43.886,-73.31,8000,2.9
44.945,-74.079,10000,2.5
43.281,-77.316,2800,2.6
40.97,-74.379,4700,2.1
45.029,-73.901,15000,3.5
37.8138,-82.1101,1300,2.3
37.2581,-81.9888,7000,4
41.9,-80.8,5000,3
41.9,-80.8,5000,2.9
41.9,-80.8,5000,2.8
37.5488,-82.0602,1100,2.4
39.949,-76.198,5000,2
45.13,-74.02,18000,3.8
40.572,-75.116,3100,2.4
40.96,-74.37,7000,1.9
40.793,-73.97,5000,2.6
41.11,-73.66,6000,1.1
44.513,-73.699,11000,5.2
44.49,-73.69,5000,3.7
44.501,-73.704,5000,1.7
37.8886,-81.6418,1800,2.4
41.033,-74.303,7000,2.2
42.572,-74.104,7000,2.9
40.089,-76.998,500,2.6
40.092,-76.999,500,2.8
40.4211,-78.5747,1100,1.9
42.569,-74.108,10000,2.6
42.573,-74.108,10000,3.1
40.58,-75.191,3000,2.3
43.425,-78.664,8000,2.7
45.188,-73.208,18000,2.8
42.589,-74.157,20000,2.2
42.59,-74.154,19000,2.7
42.594,-74.186,14000,2.7
38.2555,-81.5822,200,2.5
38.1111,-81.9889,5900,2.5
37.8549,-82.1183,100,2.5
43.6848333,-74.0876667,5000,1.28
40.1586667,-74.4285,5000,1.92
43.9376667,-74.1666667,7370,1.46
38.4946,-82.8255,5700,2.1
40.8423333,-74.174,4210,1.51
43.565,-78.6808333,5000,1.73
44.6816667,-73.6525,3560,1.87
45.2058333,-74.1826667,5000,2.43
45.2003333,-74.1798333,8940,1.61
44.3275,-74.5303333,5000,2.2
45.15,-73.826,12890,1.55
40.844,-74.1765,4660,1.23
44.0746667,-75.2966667,14420,1.81
45.1465,-73.8716667,11400,2.7
44.7425,-75.1593333,5000,1.78
43.2868333,-78.31,5000,1.84
45.0538333,-74.2146667,10780,2.28
45.1704,-73.6472,16300,1.9
38.1236,-80.4068,17400,2.4
41.4601,-77.3849,7700,2.1
37.4304,-81.9928,4300,2.2
38.0765,-81.9575,5300,2.2
41.4373,-77.3829,14900,2.3
41.075,-74.202,5000,2.9
41.337,-74.463,7000,1.9
37.6488,-81.2447,700,2.3
38.0372,-80.535,1500,3
38.0829,-80.5318,1200,3
38.2843,-81.6398,1500,2.3
44.815,-74.5174,1400,2.3
38.1,-81.9588,1300,2.3
40.3363,-74.8459,500,1.9
37.8299,-82.1722,600,2.4
37.9163,-81.8719,800,2.4
38.2683,-81.5848,11100,2.9
38.0507,-81.6735,4500,2.6
37.1834,-81.7458,700,3
40.4679,-77.9086,9400,1.8
38.0228,-81.4483,600,2.3
37.2325,-81.481,300,2.5
37.7063,-81.9856,1300,2.4
37.8698,-81.2672,1400,2.5
37.9725,-81.5057,1500,2.6
41.076,-74.201,6000,2.2
39.924,-76.264,5000,3.1
44.523,-74.508,1000,3.1
39.974,-76.514,5000,3
38.0115,-81.4669,2700,2.3
37.9668,-82.2182,7800,2
37.8881,-81.2457,9000,2.1
37.7492,-82.0499,5600,2.4
37.76,-82.1337,800,2.3
40.1926,-80.9502,1500,2.5
44.819,-73.19,9000,2.5
40.321,-74.264,5000,3.5
37.4622,-81.6032,300,2.1
39.7674,-79.8218,5800,1.8
37.8812,-81.2831,7600,2.2
40.803,-74.809,13000,2.9
38.421,-82.881,10000,3.6
37.9837,-81.6031,1200,2.7
41.14,-73.69,5000,2.5
37.7536,-82.0312,500,2.4
41.309,-73.928,3000,2.9
40.188,-75.157,5000,3.5
40.155,-75.103,5000,3.7
37.2137,-81.5617,1000,2.3
37.8339,-81.3595,1200,2.3
37.5046,-82.0864,200,2.7
37.3274,-81.9191,700,2.5
37.7357,-82.051,300,2.3
37.9899,-82.1057,300,2.2
37.7587,-81.9953,400,2.8
37.5987,-82.3986,300,2.4
40.3232,-74.8893,200,1.8
37.7331,-82.0193,100,2.2
37.5664,-82.0309,300,2.2
37.234,-81.4919,400,2.3
38.241,-79.09,10000,2.1
43.938,-74.258,12500,5.1
37.5899,-82.3941,2500,2.8
38.0717,-81.3565,200,2.6
40.4339,-78.506,2000,2
37.459,-82.2314,1600,2.2
37.9665,-81.3348,1800,2.3
37.4432,-81.5171,1600,2
38.0444,-81.5405,1800,2.2
37.8015,-82.169,2300,2.1
41.4611,-77.3782,8700,2.6
41.4685,-77.365,7100,2.2
38.0514,-81.524,3200,2.3
44.3247,-73.6186,21400,1.9
37.4835,-82.1554,25700,2.3
37.8608,-81.7804,11100,2.5
40.33,-76.037,5000,4.6
40.321,-76.007,5000,2.9
40.195,-76.226,5000,2.6
40.312,-76.039,5000,2.5
40,-76.2,5000,2.4
37.7342,-82.0472,12200,2.7
37.7466,-81.9334,12700,2.6
37.8866,-81.3493,14900,2.5
38.1144,-81.4019,3600,2.3
37.8096,-81.7568,5000,2.1
38.0416,-81.478,14400,2.5
38.2585,-81.5994,14200,2.7
38.3284,-81.0798,7600,2.2
38.1987,-81.7544,3500,2.3
38.0558,-81.6894,3000,2.4
38.0622,-81.4464,8500,2.9
37.4934,-82.4599,2600,2.5
37.9447,-81.4923,5400,2.4
38.0618,-81.3514,6300,2.6
38.042,-81.4796,8700,2.2
38.0051,-81.2542,13800,2.4
38.0391,-81.7011,8700,2.4
37.9737,-81.444,11500,2.5
43.3124,-73.6199,12100,1.7
37.4266,-82.4476,3700,1.8
38.069,-81.6888,3600,2.2
39.2891,-77.7965,14900,2.1
38.0444,-81.353,8900,2.6
42.9982,-76.3634,7700,2.4
44.2941,-73.6236,14000,1.8
37.9361,-81.5524,5000,2.5
44.3436,-74.1187,8600,1.8
38.2085,-81.7606,1900,2
37.5068,-82.1149,7100,2.2
37.4494,-82.0935,4100,2.2
37.2501,-81.4857,6400,2.8
38.1118,-80.467,9100,2.4
39.889,-77.5182,6000,2.2
43.0003,-76.3457,14900,2.2
37.9772,-81.4516,11900,2.4
37.9031,-81.5188,3100,2.6
37.8195,-82.157,400,1.9
39.5945,-81.4009,6400,2.4
38.4861,-80.5417,14900,2.5
37.7292,-82.0493,5000,2.3
37.5653,-82.3819,8400,1.4
37.824,-81.4974,13800,2.7
38.1102,-81.3622,9500,2.1
43.5329,-75.307,12900,1.8
37.8479,-81.7709,6900,2.1
38.0676,-81.715,1000,2.3
38.1812,-81.8342,1400,1.9
37.904,-81.2658,8900,2.5
38.0845,-81.6908,2100,2.2
38.0251,-81.6578,11500,2.3
37.7645,-81.9778,8900,2.1
37.6749,-82.5481,10800,2.5
38.0886,-81.6829,7200,2.4
45.0135,-74.1998333,8730,1.44
37.8041,-82.1037,200,2.4
37.8925,-81.7615,700,2.5
38.0732,-81.672,12900,2.2
42.5038,-73.8739,11100,2.2
37.8681,-81.7739,100,2.6
37.7652,-82.0516,400,2.7
37.9291,-81.6053,500,2.5
37.9723,-81.3528,1300,3
37.8882,-81.7575,200,2.6
37.7547,-82.0481,400,2.5
38.072,-81.3753,8500,2.4
38.0683,-81.6708,2300,2.5
37.2786,-81.7582,700,2.5
37.8313,-82.1416,1700,2.6
37.9984,-81.3935,100,1.8
41.463,-77.3571,300,2.4
38.2137,-81.8148,1400,2.3
43.0171,-76.3632,1400,2.1
41.4574,-77.3898,500,2.9
40.9683,-74.5673,400,2
37.7504,-81.9816,700,2.3
37.8738,-81.6288,2000,2.3
37.7547,-82.0108,1400,2.7
37.5163,-82.0801,1300,2.2
37.3548,-81.4058,1300,2.6
37.7369,-82.0957,1400,2.5
38.1099,-81.9724,11200,2.5
38.0617,-81.642,11200,2.7
43.3052,-73.6033,14600,1.7
43.0058,-76.3731,13900,1.6
37.4554,-82.1201,900,2.1
40.8136,-78.4597,900,2.2
41.4701,-77.3819,400,2.8
38.0946,-81.3493,7500,2.5
41.0013,-75.9051,4800,2.2
37.7578,-82.2463,3300,2.3
37.791,-82.0413,3600,2.4
38.129,-80.4611,4100,2.5
38.0882,-81.3798,9500,2.4
38.0733,-81.6806,1200,2
38.0702,-81.647,8600,2.7
38.0909,-81.6788,600,2.9
37.742,-82.0255,200,2.6
37.729,-82.299,800,2.7
37.8661,-81.7613,100,2.8
39.2071,-79.4208,15800,2.7
43.561,-75.231,1000,3.5
38.0889,-81.6664,900,2.5
38.176,-79.901,4000,2.8
40.4762,-78.5399,700,2
37.791,-82.2837,100,3
38.0526,-81.6522,11600,2.5
40.8938,-78.2597,4500,2
38.0873,-81.6765,4100,2.1
38.0163,-81.6948,500,2.9
42.514,-73.8466,14000,2.3
45.108,-74.608,16000,3.5
40.054,-76.967,2000,2
45.108,-74.61,16000,2.9
40.024,-74.813,5000,2.8
43.209,-74.2,4200,2.7
41.554,-73.658,7000,3
38.472,-82.772,11900,3.5
43.952,-74.258,8000,3.5
43.952,-74.258,8000,2.9
43.952,-74.258,7900,2.8
39.832,-75.66,5000,2
45.22,-73.98,11000,3.1
39.795,-75.524,5000,2.4
39.923,-76.316,5000,3
39.921,-76.355,5000,4.2
44.91,-73.48,12000,3.2
43.592,-73.937,1000,3.4
38.1025,-80.4351,11800,2.2
38.0889,-81.3656,11400,1.8
43.7601,-74.1234,11900,2.2
43.7505,-74.113,15800,1.9
39.7583,-79.7784,2200,2
37.7467,-82.031,8500,2.4
37.7632,-82.1792,3300,2.4
38.0608,-81.6582,8800,2.7
38.011,-80.5202,4200,2.4
40.2143,-80.984,12900,2.4
42.5064,-73.8551,18200,2.3
38.0373,-81.4486,13700,2.4
43.7536,-74.1217,8600,2.3
37.8242,-82.1916,7500,2.4
39.7366,-79.8154,9300,1.6
37.9926,-81.469,13200,2.4
42.9979,-76.0434,16300,2
42.9909,-76.3421,7600,3.3
39.7515,-76.1512,6300,1.4
41.4706,-77.3571,13400,2.5
39.4781,-76.6706,3900,1.8
38.0502,-81.6719,7600,2.4
38.0069,-80.5389,200,3
37.7632,-82.1985,1400,2.5
40.98,-73.83,6000,3.6
40.99,-73.84,5000,2.8
42.988,-74.213,5000,2.7
45.29,-73.45,5000,3.3
40.989,-73.833,5200,1.8
37.245,-80.494,11800,2.9
40.98,-73.834,6100,2.7
39.925,-76.293,5000,2.5
41.361,-74.37,7000,2.3
45.131,-74.246,24000,3.4
45.129,-74.233,17500,2.4
45.127,-74.244,23000,2.3
40.956,-74.82,7400,2.8
38.0716,-81.6811,14500,2.5
37.7374,-81.9582,8400,2.3
37.5709,-82.0522,1000,2.1
39.4705,-76.6481,5800,1.6
37.7524,-82.0065,2300,2.3
37.8277,-81.8089,7300,2.7
37.8227,-81.9028,7700,2.4
38.048,-81.7097,8000,2.5
37.5608,-82.0623,4600,2.2
44.375,-74.517,10000,3.8
44.995,-74.955,10000,3.5
39.425,-76.881,5000,2.6
41.953,-80.122,5000,2.5
41.151,-73.653,9400,2.7
37.941,-80.207,14700,3.5
42.63,-74.678,5000,4
38.276,-81.668,5000,3.2
45.232,-73.896,18000,3.8
39.564,-76.979,5000,2.4
39.848,-75.031,5000,2.2
41.07,-73.578,10000,3
40.363,-74.341,7900,3.1
41.239,-74.16,7000,2.5
39.876,-74.942,5000,2.5
40.35,-76.02,5000,1.6
40.35,-76.02,5000,2.2
40.35,-76.02,5000,2.1
37.7491,-82.0175,4200,2.6
37.7156,-82.0717,5800,2.7
38.3667,-81.0065,13600,2.8
37.7301,-82.0031,3800,2.7
37.8534,-81.549,8300,2.2
37.5723,-82.399,7400,2.4
37.7298,-81.8319,6100,2.4
38.0366,-81.4833,10300,2.6
38.0576,-81.5197,5900,1.9
43.9393,-73.3569,7200,1.9
38.0432,-81.6935,7900,2.7
38.2429,-81.5831,13700,2.6
38.1547,-81.8065,4700,2.5
37.8665,-81.5346,11500,2.7
37.9669,-81.4172,5400,2.4
37.8483,-81.5198,11900,2.6
37.894,-81.3065,7800,1.9
38.2572,-81.6162,3100,2.7
37.6079,-82.3821,5500,1.9
38.0703,-81.4616,4200,2.4
37.8965,-81.5819,3500,2
45.26,-74.12,8000,3.9
45.182,-73.495,17100,3.8
40.327,-76.007,5000,4.2
40.3,-76,5000,2.5
37.05,-80.789,9300,2.9
44.233,-74.426,4200,3
42.995,-78.831,5000,3
38.0444,-81.3484,8500,2.8
40.3025,-80.9527,26000,2.2
41.4832,-77.3316,14900,2.7
43.5902,-75.3455,14100,2.9
37.7571,-81.9358,13400,2.4
37.7917,-82.1717,5100,2.2
37.9766,-81.347,9900,2.1
37.599,-82.4297,4600,2.1
38.0978,-81.4197,600,2.5
40.7184,-76.1652,7700,2.1
42.5218,-73.8559,10600,2.3
37.9091,-81.3354,14400,2.5
39.7006,-79.956,11400,2
42.5206,-73.8558,6300,2.4
38.126,-82.0104,2300,2
43.4856,-73.4366,14900,1.5
37.916,-81.2993,8400,2.5
38.0188,-80.531,3400,2.5
43.0856,-73.8709,7500,1.8
40.624,-76.4099,5100,2.4
40.7928,-76.3088,7900,2
39.2426,-78.0882,14000,3.7
38.0563,-81.6925,7200,2.6
37.5755,-82.399,8200,2.1
40.796,-76.6532,4100,2
38.4815,-80.5765,16500,2.4
41.1513,-80.0135,3300,2.4
45.08,-74.21,18000,3.1
44.453,-74.03,5000,2.8
39.742,-76.054,5400,2.2
42.762,-74.068,8000,2.4
40.777,-73.954,7000,2.4
41.877,-80.774,5000,2.6
37.7355,-81.9786,11000,2.3
38.197,-81.8019,13100,2.2
39.8392,-79.9218,14900,2.4
38.0704,-81.3388,3000,2.6
37.9063,-81.3141,13100,2.3
40.8293,-78.2637,4600,2.1
38.0148,-80.5402,14900,2.4
38.3354,-81.059,3400,2.5
37.7586,-82.0698,2100,2.5
38.0184,-81.7281,4400,1.9
37.8012,-82.1511,3400,2.4
39.9568,-79.3822,4400,2.5
37.6922,-82.0694,5400,2.4
40.187,-80.9705,13700,2.5
40.801,-78.4394,11900,2.1
38.0545,-81.6817,13300,2.2
37.8213,-82.1408,1600,2.4
40.3473,-74.9068,300,2.1
40.7316,-76.3021,8200,1.6
37.8916,-81.7118,2200,2.2
43.5906,-75.3403,14600,1.8
40.8493,-75.8065,2900,1.8
39.8485,-79.911,10100,2.3
37.8933,-81.5944,5200,2.5
42.9895,-75.1998,14600,2.4
42.5191,-73.8447,3500,2.1
40.7108,-76.3114,7400,2
38.0519,-81.4662,6300,2.2
41.942,-80.802,5000,3.9
37.31,-80.812,10000,2.5
41.905,-80.767,5000,3.4
44.504,-73.703,5000,2.6
44.504,-73.675,10000,3.1
44.499,-73.703,9000,3
44.56,-73.79,14700,3.3
44.615,-74.34,10000,3.7
41.86,-80.76,2500,2.5
40.606,-75.106,3000,3.8
44.882,-73.73,10000,2.2
44.896,-74.912,8000,2.8
39.866,-75.063,2400,2.2
44.899,-74.893,3600,2.9
41.392,-74,10000,2.7
45.06,-74.2,18000,3.5
42.5164,-73.8544,11500,1.9
43.0032,-76.3528,13400,2.1
38.1115,-80.4664,21000,2.4
38.0233,-80.5346,6500,2.7
38.0989,-81.6861,4500,2.1
38.0573,-81.4704,2100,2.3
42.9914,-75.1891,14500,2.4
44.2954,-73.5922,16100,2
37.6967,-82.0715,3100,2.3
42.9459,-77.6375,7900,2.1
37.7533,-82.06,500,2.3
37.7449,-82.1334,5700,2.1
43.0165,-76.3612,15500,2.2
37.4266,-82.2263,2500,2.1
38.1371,-80.4589,13900,2.5
40.7324,-76.1509,2500,1.7
37.9744,-81.3585,6400,2.5
38.1262,-80.4697,14400,2.5
43.5829,-75.3411,15600,1.9
37.8461,-81.9123,4000,2.1
40.266,-76.041,2000,1.2
37.2,-81.92,1000,4.3
40.292,-76.037,6000,2.5
41.733,-80.179,5000,2.5
39.8416,-79.917,11300,2.3
38.124,-81.6885,6000,2.1
37.3353,-81.9612,2200,2.5
40.0826,-79.2475,3200,2.5
37.9032,-81.3004,3500,2.6
42.6546,-74.3117,12700,3.2
40.7707,-76.3718,11500,1.8
37.9781,-81.415,3100,2.4
37.5844,-82.0801,10400,2.5
43.0113,-76.3594,16800,2.4
39.5131,-78.9936,2300,2.5
39.2497,-78.0853,16800,1.3
37.8645,-81.2542,9400,2.2
37.7901,-82.1076,12400,2.4
37.5763,-82.3755,3700,2.7
37.8638,-81.8778,3900,2.6
43.8432,-75.9451,6000,1.9
39.5962,-78.8887,2700,2.5
38.0732,-81.7009,5300,2.5
38.2792,-81.6194,4900,2.5
44.3674,-74.1484,11500,1.6
39.5182,-77.0394,8600,1.9
42.6368,-74.3189,15100,2.3
37.5701,-82.4448,100,2.6
38.1304,-81.4062,200,2.6
38.2644,-81.5796,300,2.7
38.0481,-81.5315,300,2.3
37.3674,-81.498,1200,2.4
37.9763,-81.3969,1200,2.2
40.1688,-77.3757,4800,1.3
37.8982,-81.2216,11600,2.4
38.0136,-81.6754,3000,2.4
37.9262,-81.3502,5000,2.4
42.637,-78.796,8000,2.6
44.954,-73.84,7000,2.5
38.0799,-81.6791,4500,2.3
37.9324,-81.3084,11600,2.7
41.6275,-74.4942,13000,2.1
37.8513,-81.5968,6000,2.4
37.4176,-81.2977,3000,2.8
41.6029,-74.6254,7300,2.5
43.8631,-75.9632,9700,1.9
43.7471,-74.1067,14800,2.1
44.7805,-75.01,18700,1.6
37.726,-82.0464,2300,3.1
37.6598,-82.0155,15500,2.9
37.7396,-81.7707,6700,3.1
37.7609,-82.0475,2000,2.3
37.2248,-81.7327,6100,2.5
37.753,-82.3437,8400,2.3
37.2645,-81.7362,6300,2.4
37.8491,-81.8419,3700,2.6
38.0785,-81.6692,8000,2.9
38.0923,-81.6586,12100,2.5
38.0047,-81.4256,3500,2.9
37.6105,-82.4557,5900,2.7
39.7428,-79.7493,9900,1.9
37.8631,-81.7757,12900,2.6
38.1286,-80.4896,4200,2.6
43.0069,-76.3628,11200,1.9
42.5283,-73.852,11900,2.2
37.9303,-81.3435,2300,2.5
37.8434,-81.7465,4100,2.8
37.9965,-81.3481,2700,3.1
38.0759,-81.9874,8300,2.6
38.1228,-82.0242,6500,2.8
37.1756,-81.5974,6000,2.5
37.727,-82.0382,7400,2.5
37.8617,-81.6628,11300,2.3
37.9389,-81.3595,5400,2.7
38.0621,-81.6578,9100,2.5
41.4976,-77.3517,7000,2.3
39.718,-75.441,14000,3.8
43.9,-74.412,1000,3.4
38.917,-77.78,2000,2.5
41.004,-75.955,3000,3
37.382,-80.419,8000,3.6
41.571,-73.94,2000,3.3
39.095,-81.593,11000,3.4
43.325,-76.966,7000,2.6
37.8876,-81.2202,11700,2.4
40.8347,-78.6593,5900,2
42.503,-73.852,10700,2.2
40.3757,-74.6601,22400,2.2
44.0724,-75.8896,16900,2.3
38.31,-80.9764,15800,2.6
37.3927,-81.2833,5000,2.1
43.007,-76.355,14900,2.2
37.8611,-81.759,5400,2.5
37.8602,-81.7522,3700,2.5
39.512,-77.1912,10800,1.4
38.1168,-81.3519,11900,2.7
37.7252,-82.0389,10600,2.5
43.7411,-74.1111,14000,2.1
38.1291,-80.4586,3300,2.3
37.8865,-81.2449,3900,2.6
37.976,-81.4071,1300,2.5
37.7476,-82.0349,4200,2.7
38.0582,-81.6609,4900,2.5
41.4455,-77.4008,12900,2
41.4608,-77.3542,12300,2.3
42.905,-74.1389,7400,1.9
38.0778,-81.6676,7600,2.7
37.9224,-81.3574,14300,2.4
40.0829,-81.0189,6500,2.4
43.706,-73.249,5600,2.9
40.311,-76.03,7000,2.1
42.6,-74.12,14000,2.6
45.017,-75.58,18000,2.8
45.223,-73.887,18000,2.9
38.0981,-82.0248,5800,2.6
37.848,-81.5219,2600,3
37.8779,-82.1735,2300,2.7
37.9399,-81.3525,7300,2.4
43.0254,-74.6929,11700,2.1
38.0587,-81.6518,3100,2.5
37.8771,-81.2298,9600,2.5
41.4608,-77.3713,11600,2.5
42.9148,-74.1291,4600,1.9
42.9816,-75.1868,14400,2.4
38.1088,-81.9927,11500,2.5
39.5475,-78.9344,13100,2
43.0204,-74.7073,12900,2
38.0803,-81.6653,5800,2.2
38.0827,-81.36,17500,2.5
37.7502,-82.0936,2900,2.7
38.019,-81.3928,17400,2.6
38.0624,-81.6455,15400,2.7
38.0899,-81.3776,12800,2.5
37.7528,-82.0699,700,2.8
39.2902,-77.7949,17800,1.5
37.8452,-82.1089,2000,2.1
43.0241,-74.6937,10700,1.9
39.7696,-79.802,7000,2.1
37.8768,-81.5817,4800,2.1
43.2451,-74.2158,14600,1.7
38.8248,-80.9404,15000,2.6
38.0391,-81.4448,6800,2.4
38.4764,-80.591,300,2.6
37.9987,-81.4161,100,2.2
40.4841,-77.8737,13300,2.3
43.894,-74.636,3000,4
37.9215,-81.9665,1100,2.4
40.998,-74.371,5000,2.4
42.6501,-74.2898,4800,2
42.9962,-76.3421,8600,2
42.9913,-76.0534,12900,1.9
42.9983,-76.0506,16700,2
42.5517,-73.8642,11400,2
43.6394,-73.8189,16300,2.4
37.5058,-82.1755,2500,2.6
37.7556,-82.0993,7000,2.5
37.2152,-81.6793,6100,2.7
37.8092,-81.8087,5300,2.5
37.3903,-82.2271,9900,2.6
38.1141,-82.0543,500,2.3
38.1165,-82.0371,300,2.4
43.1047,-73.8586,16000,1.6
40.6732,-76.2443,14200,2
37.649,-81.9099,5600,2.7
37.956,-81.3413,6500,2.4
40.1968,-80.9572,14900,2.4
37.7423,-82.02,300,2.5
40.8153,-76.2636,100,2.3
37.8678,-82.1678,2000,2.5
38.1164,-81.4357,100,2.3
37.8425,-81.8598,12000,2.6
38.1951,-81.8214,8300,2.3
38.0576,-81.6913,1200,2.5
37.7408,-82.0585,6900,2.5
37.3126,-82.2593,100,2.9
37.7388,-82.0212,200,2.1
38.0742,-81.6732,4800,2.5
41.466,-77.3652,8000,2.5
38.062,-81.6877,7700,2.7
37.9142,-81.6356,32300,2.8
37.7638,-82.0907,2700,2.4
42.9685,-75.1439,4200,2.7
40.078,-76.963,5000,2.1
40.092,-76.974,4000,1.8
40.1,-77.009,5000,1.7
40.09,-76.984,5000,1.5
40.068,-76.962,5000,1.2
40.114,-76.403,4000,3.4
38.467,-80.5489,8100,2.1
37.9097,-81.3554,3600,2.4
41.4341,-77.3931,2000,2.7
37.892,-81.5745,11400,2.8
37.3032,-82.0687,1200,2.5
38.0504,-81.3716,13200,2.6
37.8643,-81.8862,12000,2.1
40.6085,-79.0926,7400,2.4
37.1885,-81.5805,3400,2.5
41.4594,-77.36,12200,2.4
41.4546,-77.3646,5700,2.1
41.4676,-77.3785,8500,2.5
38.0838,-81.4127,4800,2.3
43.3595,-73.5804,13400,1.7
44.2762,-73.6392,14800,1.6
38.0122,-81.4459,8900,2.5
42.9158,-74.1278,6400,1.9
41.1043,-78.3813,14900,2.2
42.5149,-73.86,14100,2.1
38.0716,-81.6919,9800,2.4
41.463,-77.3595,12000,2.4
37.8452,-81.7205,3500,2.2
38.0254,-81.4719,13400,2.1
40.8008,-78.4617,10000,2.3
42.4962,-73.8838,12000,2
42.6456,-74.3447,19500,2.3
41.4714,-77.3644,11200,2.3
43.0173,-75.7126,18000,2.4
40.164,-80.9552,7900,2.6
39.5852,-78.9009,14200,2.3
38.0612,-81.489,20400,2.4
41.4487,-77.4066,10900,2.3
38.1437,-81.8925,6700,2.3
44.0969,-75.4061,9400,1.5
41.4655,-77.3796,8700,2.4
40.083,-74.989,4200,1.7
38.1187,-80.428,2800,2.6
38.1389,-80.4718,4700,2.3
42.4957,-73.8537,14200,2.2
43.4364,-73.4907,13000,1.7
41.4543,-77.3744,8800,2.6
43.7858,-76.1696,10100,2
42.5196,-73.8821,13100,2
42.9547,-75.4589,7700,2.1
42.928,-74.1086,7200,2
38.0949,-81.6421,8800,2.3
41.4637,-77.3686,12300,2.5
37.4576,-82.0371,1100,2.2
37.6113,-82.3794,1100,2.2
37.3509,-81.4627,1500,2.6
37.7561,-82.0194,1400,2.6
37.6582,-81.2424,2000,2.4
37.7332,-82.0084,8400,2.2
40.3929,-74.6308,12200,2.1
42.9844,-75.188,2800,2
38.0329,-81.3248,8400,2.5
40.7638,-76.4982,13600,2.2
37.5886,-82.43,5300,2.2
37.4554,-82.1528,5400,2.1
38.1156,-81.4099,3600,2.1
37.7267,-82.1294,7600,2.8
38.1171,-81.4132,6000,2
40.8314,-76.089,12400,2.1
37.7374,-82.0135,2500,2.5
38.1357,-80.4666,5500,2.6
40.1931,-80.9943,8100,2.8
37.9653,-81.4602,6100,2.3
37.7725,-81.9547,7700,2.4
37.3933,-81.5924,3000,2.1
42.5158,-73.8543,10500,2.1
44.0689,-75.8733,14100,2.1
38.7011,-80.8242,2800,1.2
37.4717,-82.0097,4200,2.7
43.4953,-73.4309,13300,1.6
42.1921,-73.8666,6100,1.3
42.9298,-74.9528,2400,1.9
44.4187,-74.1572,14200,2.1
43.3268,-73.5882,14400,1.6
37.4682,-82.1146,13100,2.4
37.6216,-82.3916,3200,2.5
37.7302,-82.0742,10700,2.6
37.9236,-81.6557,2400,2.9
37.5559,-82.4352,13500,2.6
37.2475,-81.5182,3600,2.7
38.2168,-81.8077,11400,2.6
38.4062,-81.028,11600,2.4
37.8674,-81.3724,6000,2.9
38.0627,-81.6846,14500,2.6
37.9616,-81.41,1600,2.4
38.2188,-81.6114,7800,2.6
37.9088,-81.3166,2300,2.4
37.8979,-81.7709,10700,2.5
37.8694,-81.276,10200,1.7
38.1695,-81.7479,9900,2.5
37.7374,-82.0328,5900,2.8
37.7396,-82.1067,7300,2.9
38.113,-80.506,9800,2.4
38.0981,-81.3723,7400,2.5
38.0679,-81.6799,9600,2.3
38.2521,-81.6279,3400,2.6
37.7331,-82.1481,6500,2.3
38.5094,-80.6281,11300,2.6
38.0437,-81.4707,10800,2
37.757,-82.1574,1600,2.5
38.5259,-80.6093,6400,2.8
37.891,-81.2697,11100,2.3
37.8402,-81.8709,2400,2.3
37.9061,-81.2951,12500,2.6
37.7569,-81.9751,1400,2.7
37.8373,-81.4864,13300,2.7
37.7392,-82.0388,8900,2.5
41.4661,-77.3645,1900,2.7
38.0935,-81.9862,1400,2.8
37.2569,-81.7825,12600,2.2
38.948,-81.889,5000,2.8
38.0083,-80.5439,5200,2.9
37.8952,-81.2603,3900,2.2
45.1545,-74.2278333,9300,2.15
37.9097,-81.2826,12300,2.5
37.7569,-81.9576,14100,2.5
38.0216,-81.4711,2700,2.6
42.9925,-76.3408,12900,2.4
37.922,-81.3372,7500,2.4
37.9042,-81.2973,8200,2.6
37.9038,-81.3463,5200,2.3
38.0235,-81.3958,14000,2.1
37.8013,-82.1259,4100,2
37.8619,-81.8968,13700,2.2
40.1702,-80.9682,2400,2.5
38.1262,-81.4212,3200,2.1
42.6477,-74.3006,11600,2.1
41.0863,-78.3496,12100,2.2
42.5072,-73.8618,14600,2.4
37.8525,-81.7585,8400,2.3
38.0975,-82.0431,5200,2.4
41.4585,-77.3773,8800,2.6
38.0153,-81.4237,2500,2.3
40.7492,-76.4988,11300,2.6
38.2522,-81.8621,20600,2.2
37.9122,-81.2877,3100,2
43.5921,-75.3404,13600,1.7
37.8711,-81.5694,11600,2.5
40.9821,-75.9471,11100,1.7
42.9981,-76.0458,17400,1.9
38.1032,-80.4586,12000,2.5
37.7468,-82.0338,2100,2.5
37.7895,-82.1298,3700,2.1
43.8588,-75.9485,14700,2
37.751,-82.1274,1700,2.3
43.6323,-73.803,14700,2.2
37.2243,-82.1368,13600,2.6
37.7428,-82.0329,7800,2.6
37.8023,-82.0164,2100,2.5
37.3493,-82.149,2100,2.8
38.0924,-81.6619,400,2.9
38.2458,-81.5925,1300,2.5
38.054,-81.6542,7800,2.6
37.7895,-82.1307,3800,2.4
38.1119,-82.0142,2700,2.5
37.8796,-81.6429,14900,2.7
37.2354,-81.744,1000,2.9
38.0648,-81.5097,1200,2.2
37.6606,-82.5596,4500,2.3
38.0884,-81.9769,12300,2.6
40.2167,-80.9966,9700,2.5
37.8206,-81.8599,4700,2.6
38.0857,-81.9677,11300,2.6
38.1157,-81.9782,9400,2.3
38.114,-81.9582,3500,2.8
37.8718,-81.8511,11700,2.3
37.9364,-81.378,15900,2.5
38.0504,-81.6596,9400,2.7
38.6722,-82.21,1200,3.1
43.0033,-76.4011,14700,1.9
43.6428,-73.8208,14400,2.2
44.3552,-74.125,10600,1.6
42.5086,-73.8625,10300,2.1
38.2549,-81.5717,11500,2.4
37.7308,-82.0296,1700,2.4
37.7352,-82.0866,5500,2.6
38.0674,-81.4986,12100,2.5
40.1698,-80.9656,12900,2.3
40.8006,-76.1293,8200,2.4
38.0437,-81.704,5900,2.4
38.1203,-80.4495,8000,2.2
43.9561,-75.8359,13900,1.7
38.3849,-81.0012,14900,2.9
37.8912,-81.4724,21300,2.7
37.7287,-82.0419,5200,2.7
42.4774,-73.8921,1000,2.4
38.0538,-81.666,2900,2.6
37.9164,-81.3583,12300,2.5
38.0858,-81.3926,14300,2.6
38.2771,-81.5998,17100,2.9
38.4988,-80.5656,16700,2.3
37.8174,-81.7797,10800,2.5
37.8322,-81.4802,14100,2.1
38.121,-81.965,6500,2.4
41.1103,-78.3348,10800,1.9
38.1188,-82.039,5400,2.5
37.7511,-82.0461,3200,2.3
39.7725,-79.7833,7700,1.9
37.4134,-82.0147,12400,2.1
38.0008,-81.4432,6100,2.5
40.1796,-80.9342,13900,2.4
40.2494,-75.7027,4600,1.8
41.4693,-77.3721,5700,2.3
38.0369,-81.495,14600,2.4
38.7096,-80.8265,16500,2.3
38.7099,-80.8314,14300,2.7
38.8285,-80.9408,13000,1.9
37.8447,-81.5673,4900,2.4
40.2116,-80.9583,19100,2.4
39.7695,-79.7921,5700,2
40.6383,-78.1414,11700,2.1
40.163,-80.9441,12700,2.5
37.744,-82.0377,10300,2.8
37.666,-82.1755,2600,2.4
37.8134,-82.3088,8900,2.5
37.8255,-82.1351,1300,2.7
38.1152,-81.9661,1700,2.7
37.8952,-81.5934,4700,2.7
38.0021,-81.4393,1700,2.4
37.7111,-82.0313,22100,2.8
42.5081,-73.8546,10900,3.1
38.0733,-82.0011,9000,1.6
37.7425,-82.0543,10900,2.6
38.0226,-81.678,3300,2.7
39.6929,-80.0512,9000,2
43.7442,-75.4441,13700,1.9
41.478,-77.3833,5200,2.7
45.0867,-73.0972,7600,1.9
41.4644,-77.3847,11400,2.2
41.4537,-77.4048,6800,2.7
37.4298,-82.0892,5300,1.8
37.8787,-81.3867,11700,2
43.2765,-75.1154,14500,2
42.5148,-73.8408,10000,2
41.4538,-77.4098,10900,2.2
38.0409,-81.665,10500,2.5
38.1574,-81.9813,11100,2.4
37.411,-81.9797,4100,2.4
38.1241,-81.9924,6400,2.9
38.0963,-82.0283,2700,2.5
37.7564,-82.1644,12000,2.4
38.0918,-81.6627,12000,2.5
41.457,-77.3775,6500,2.6
41.1279,-80.7118,7700,2.1
38.4719,-80.5791,9000,2.2
37.7866,-82.1184,12000,2.4
40.5528,-76.8171,16500,1.7
37.896,-81.2386,4100,2.2
43.7436,-74.0969,15100,1.7
37.6543,-82.1294,3700,1.6
37.8409,-82.1647,4700,2.6
38.0871,-81.3597,4100,2.2
37.7232,-82.0522,8900,2
38.035,-81.6997,10700,2.1
37.8008,-82.1275,3400,2.2
40.6871,-78.4596,6900,2.3
43.744,-74.135,15500,2.9
40.1,-76.4,5000,2.7
41.4683,-77.3619,13000,2.3
40.3976,-78.5318,6600,1.9
42.6489,-74.308,14900,2.2
40.1875,-80.952,13300,2.2
43.64,-73.8222,12200,2.2
37.7607,-81.9598,4400,2.3
37.7211,-82.149,4600,2.6
39.8461,-77.0324,11000,1.5
37.9997,-81.3764,3900,2.7
38.1148,-81.6248,2100,2.6
37.7036,-82.3898,7000,2.7
37.463,-82.0132,9600,2.6
38.0388,-81.6697,1800,2.1
37.8499,-81.8245,2300,2.5
38.0198,-81.44,8900,2.8
37.8368,-81.7305,5000,2.2
38.0986,-81.3731,6700,2.3
37.7381,-82.0217,2800,2.3
37.9549,-81.6244,14700,3
37.7358,-82.1539,6700,2.1
37.9946,-81.4222,6300,2.3
39.5417,-77.0557,6900,1.7
42.5135,-73.8611,10100,2.3
38.0483,-81.4376,5500,3.1
38.0681,-81.6772,9700,2.5
38.1028,-81.4241,13900,2.5
40.2407,-80.9564,7100,2.5
37.8879,-81.6877,8300,2.1
38.0487,-81.7178,1200,2.9
37.9447,-81.578,1400,2.5
37.7717,-82.0659,5200,2.8
37.7331,-82.0091,200,2.5
37.4923,-82.1043,100,2.4
37.8425,-82.1422,500,2.5
38.0069,-81.3841,11500,2.4
37.0077,-81.8689,8300,1.9
38.1113,-81.9647,6100,2.5
38.123,-81.9647,10300,2.5
38.1393,-82.031,6600,2.3
45.1616,-73.6467,21100,2.2
41.4673,-77.3723,13400,2.2
38.0032,-81.436,5500,2.5
42.9118,-74.1227,4900,2
42.5469,-73.9086,13000,2.1
39.8138,-79.9439,14200,2.1
38.1035,-80.4839,10200,2.2
39.4712,-76.6641,6600,2
37.8558,-82.2163,100,2.1
44.2961,-73.5916,17600,2.1
44.7557,-74.464,14600,1.9
41.4564,-77.3768,400,2.6
37.8273,-81.5443,1400,2.5
37.7129,-82.108,1900,2.6
37.9696,-81.4129,100,2.3
38.2922,-80.911,900,2.6
38.1398,-80.4698,900,2.3
41.4383,-77.3351,100,2.2
37.7009,-82.0801,12300,2.9
37.7846,-82.166,7000,1.9
38.1791,-81.8578,5100,1.9
37.7417,-82.1348,500,2.4
38.1324,-82.0824,2900,2
38.0589,-82.036,600,2.3
37.7414,-82.1113,1500,2.4
37.8199,-82.1703,1300,2.3
39.7141,-79.7219,8600,1.8
41.4688,-77.3924,7100,2.5
38.0948,-80.4497,2600,2.4
38.0057,-81.4053,4400,2.3
42.511,-73.8576,15800,1.9
38.0166,-81.4029,3800,2.6
42.5073,-73.8577,16600,2
40.2153,-80.9707,14400,2.5
43.7356,-74.1273,3900,2
37.23,-81.7388,2000,2.4
38.076,-82.1266,100,2.3
37.9088,-81.5952,100,2.5
38.463,-80.646,100,2.6
37.8311,-81.8408,700,2.1
37.4294,-82.0334,600,2.3
37.8438,-82.1526,200,2.3
37.7924,-81.7145,14300,2.7
38.0574,-81.6646,12500,2.8
37.6187,-81.905,4400,2.5
37.7519,-82.0573,6000,2.6
38.1978,-81.5646,10100,2.4
38.0978,-81.4266,2600,2
40.2048,-80.9747,5700,2.5
43.0089,-76.361,16900,1.9
37.2673,-81.6352,600,2.2
37.8807,-81.2604,400,2.2
38.0796,-81.6393,500,2.9
37.8504,-81.5872,2900,2.6
37.7852,-81.9417,7800,2.2
38.0244,-81.49,15500,2.5
37.8162,-81.6237,3900,2.7
37.876,-81.624,4200,2.9
38.0741,-81.727,9400,2.5
37.912,-81.5136,4000,2.5
41.1175,-79.5654,17800,2.3
38.0797,-81.6634,3700,2.6
38.0233,-81.66,4400,2.4
37.6086,-82.4114,4600,2.5
40.1829,-80.9413,13500,2.5
40.1786,-80.9431,9600,2.5
37.8324,-81.5043,8200,2.6
38.2182,-81.5819,5200,2.2
40.3781,-78.7908,1600,2.6
38.2494,-81.5977,14400,2.6
40.1602,-80.9065,10300,2.2
37.9671,-81.3412,3100,2.6
37.7556,-82.1028,2300,2.7
38.1142,-81.3838,6100,2.3
41.4814,-77.3784,7900,2.5
40.146,-76.252,5000,3
44.735,-73.677,100,2.5
37.7411,-82.022,9300,2.6
38.0586,-81.6523,2500,2.7
41.4503,-77.3841,1000,2.6
37.8608,-82.1334,1000,2.3
37.755,-82.0317,400,2.1
39.8388,-79.9471,7700,2.8
44.7762,-74.9811,17700,2
37.7738,-81.8155,6300,1.9
37.7228,-82.0167,1900,2.5
39.5174,-78.9894,10300,2.5
39.7183,-76.1489,4300,1.6
40.1755,-80.9634,16900,2.2
42.9852,-75.2045,12500,2.6
40.8624,-78.2374,11000,2.4
37.9047,-81.2899,5800,2.4
37.7432,-82.0227,2300,2.5
38.3799,-81.0155,13700,2.7
37.8296,-81.8421,11900,2.2
37.7347,-82.0135,2700,2.3
40.875,-78.2142,14900,2.2
40.8814,-78.2233,3100,1.9
44.7496,-74.4683,11100,2
42.5143,-73.8595,12400,2.1
42.511,-73.87,14900,2.1
37.3503,-81.4477,500,2.6
38.0544,-81.9608,100,2.2
41.4555,-77.4061,700,2.2
41.4664,-77.3684,800,2.4
37.3443,-81.9282,700,2.2
38.0693,-81.667,3500,2.8
37.4337,-82.4311,2000,1.8
37.9074,-81.3235,12000,2.4
37.1989,-81.5668,2100,2.4
37.2173,-81.4604,1700,2.5
40.8659,-78.2382,9800,2.3
40.7689,-76.317,6000,1.9
37.7199,-81.9274,3800,2.5
40.6989,-76.2611,7000,1.9
37.7862,-82.0448,200,2.6
38.0812,-81.7047,200,2.5
38.254,-81.5844,14100,2.3
37.4271,-82.0583,14900,2.2
37.7642,-81.7617,3100,2.6
38.2553,-81.5807,3000,2.6
37.8444,-81.8971,15200,2.4
39.5807,-78.8735,14900,2.5
40.21,-79.05,2000,2.6
43.42,-73.541,5000,2.7
40.7284,-76.1233,6000,2
40.8039,-76.2548,3000,2.3
42.9133,-74.0898,5700,1.9
38.1416,-80.4541,3300,2
37.791,-82.0961,4200,2.2
37.4989,-82.133,9800,2.2
37.5982,-82.3929,16600,2.2
38.0379,-81.3647,4000,2.5
41.4587,-77.3684,11400,2.1
37.7116,-81.9438,4300,2.4
38.0239,-80.502,14900,2.4
42.511,-73.8862,10700,2.1
38.0149,-80.5232,3800,1.9
44.323,-74.36,2000,3.2
37.9036,-81.6153,100,2
37.4568,-82.4456,500,2
37.2549,-81.6232,3700,2.1
41.5979,-73.4505,300,1.5
38.4151,-80.5148,12900,2.7
38.052,-81.695,100,2.4
37.7748,-82.074,500,2.6
40.8994,-78.2557,900,2.3
37.8564,-82.1448,500,2.5
38.0976,-81.9849,7800,2.7
37.8144,-81.5398,4300,2.2
37.8279,-81.7934,11400,2.7
37.6259,-82.5056,2700,2.4
38.4711,-80.5609,14300,2.7
38.049,-81.6833,9200,2.7
37.4369,-82.0287,1000,1.8
37.1923,-81.602,2600,2.2
37.889,-81.5532,10400,2.3
38.2417,-81.5835,14900,2.6
37.6151,-81.9529,11100,2.4
37.7521,-81.8393,15500,2.6
37.6942,-82.1009,10100,2.7
38.0962,-81.3603,12500,2.2
38.0945,-82.0695,2200,2.6
38.0775,-81.6352,6800,2.7
37.8627,-81.5466,3600,3
38.0851,-81.9903,10700,2.4
38.1081,-82.0286,8200,2.5
44.2916,-73.5902,14300,2.1
41.0783,-78.4162,6100,2.1
39.5192,-78.9737,5000,2.7
39.718,-79.7061,1500,2
40.461,-77.9123,1100,2.1
37.8206,-81.9943,700,2.7
37.2714,-81.9683,1000,2.1
44.493,-74.066,5000,2.4
45.1088,-74.0078,9900,2.7
43.0043,-76.0495,15500,2
43.3051,-73.6058,14200,2.9
37.6725,-82.509,9000,2
43.0096,-76.3423,13700,2.1
42.5192,-73.8638,11800,2.2
38.0586,-81.6822,14100,2.5
37.8311,-82.0832,5500,2.9
38.1486,-80.4653,6400,2.4
38.0107,-81.2964,11000,2.8
38.0462,-81.3212,7300,2.4
40.4204,-78.5926,2300,1.6
37.8975,-81.26,9600,2.4
38.1213,-81.3253,26200,2.7
44.7115,-73.873,9400,1.63
41.0103333,-80.5433333,2540,3
37.6858,-82.0634,1300,2.8
38.4767,-80.5862,14900,2.5
37.6629,-82.5712,2300,2.1
37.7911,-81.774,8500,2
37.7421,-82.0317,2100,2.4
37.8408,-81.5166,18400,2.6
37.7422,-81.7724,7400,2.1
37.7479,-81.9225,1700,2.5
38.4818,-80.5738,14900,2.6
37.7672,-82.0407,6400,2.6
37.8216,-81.7537,6600,2.5
38.0855,-81.3844,5500,2.2
43.6691667,-74.0811667,5000,1.85
44.7678333,-74.5895,6070,1.65
44.4508333,-74.824,5000,1.93
37.1195,-80.9853333,5740,2.39
42.73,-77.85,3000,2.5
40.251,-75.877,1000,2.7
37.7582,-82.0482,3800,2.5
37.4751,-82.1093,9300,2
37.7507,-81.9874,7900,2
41.007,-73.6993,12000,1.8
41.0883333,-74.2823333,5000,1.2
37.9265,-81.2822,14100,2.4
37.474,-82.1245,2000,1.9
43.2812,-75.1449,10700,2
37.7376,-82.0274,1700,2.4
38.0254,-81.6674,8400,2.2
37.4129,-81.2464,3400,2.4
38.2045,-81.5873,5000,2.6
41.4671,-77.3508,11200,2.7
43.3044,-73.5926,15600,1.9
38.0446,-81.6737,7300,2.6
37.7239,-82.0587,12600,2.9
38.0736,-81.6343,5400,2.7
40.1954,-80.9603,14000,2.5
39.683,-78.17,15000,2.8
41.352,-74.146,5000,2.1
41.022,-74.335,6000,1.5
37.7425,-82.1238,1300,2.4
37.6988,-81.9889,5800,2.9
37.4488,-82.425,2400,2.5
37.2843,-81.6558,31500,2.2
37.971,-81.4594,400,3.4
38.0863,-80.4689,2500,3.5
37.727,-82.0337,4300,3
38.0615,-81.6272,2900,2.4
40.1843,-80.2491,14300,2.4
37.4264,-82.0664,10600,2.7
38.0333,-81.3964,15200,2.1
42.5197,-73.8582,11000,2.2
37.7831,-82.1181,5000,2.6
38.1184,-81.6854,3100,2.9
38.0459,-81.7129,9600,2.6
37.91,-81.3825,11800,2.6
37.4071,-81.9866,5300,2.2
38.1165,-82.0387,10100,1.9
37.9979,-81.4193,8700,2.1
37.3011,-81.8687,2600,2.2
40.1761,-80.6025,9200,2.1
37.8504,-81.8018,11400,2.4
37.7152,-82.1013,14900,2.4
37.8028,-81.5647,11400,2.7
38.0176,-81.4644,8300,2.6
38.3303,-81.0611,10500,2.6
37.8793,-81.614,2700,2.7
38.2004,-81.6073,5300,2.5
37.9575,-81.3195,2400,2.4
40.2251,-79.3527,6000,1.8
37.6759,-82.1346,3100,2.4
40.0941,-79.2731,6200,2.1
42.577,-79.0606667,2920,1.7
37.9017,-81.6507,14000,1.7
37.7625,-81.9259,6500,2.1
42.4942,-73.8793,8700,2
37.2395,-81.4443,3100,2.4
37.7337,-82.0497,10600,2.3
44.3694,-74.1286,12000,2
40.1383,-80.9429,12400,2.3
42.5018,-73.8077,5900,2.1
42.9137,-74.1243,6200,1.7
43.108,-73.8629,16200,1.8
43.1052,-73.8561,15000,1.6
43.6437,-73.8103,16700,2.3
39.7459,-79.7587,9700,1.9
41.4677,-77.3799,10000,2.3
37.8689,-81.6801,1000,2.8
37.3293,-81.9375,200,2.4
37.7617,-82.1772,3700,2.5
38.278,-81.6006,14200,2.7
38.3474,-81.1078,13500,2.7
37.8742,-81.7062,14100,2.5
38.0585,-81.6548,3800,2.8
38.0696,-81.6514,8000,2.9
41.4749,-77.3679,2700,2.5
41.4563,-77.3553,12800,2.5
39.0175,-82.3212,17900,2
39.2736,-77.8056,13300,1.6
37.8621,-81.887,200,2.8
37.8229,-81.7835,600,2.6
37.7631,-82.0004,100,2.7
37.3535,-81.5257,1300,2.4
38.1428,-80.4808,1300,1.7
38.0445,-81.5596,1200,2.5
38.242,-81.5706,400,2.5
38.1043,-81.8739,7400,2.7
37.7373,-82.2364,3900,2.6
38.3481,-81.0627,13300,2.2
37.8792,-81.3145,12900,2.9
37.7559,-82.2574,3400,2.9
37.8177,-81.7448,10200,2.4
37.9821,-81.4342,14200,2.7
37.9721,-81.3687,3900,2.8
37.913,-81.5979,2200,2.9
38.4778,-80.5931,14900,2.6
38.037,-81.6805,11000,2.6
38.2469,-81.6088,4500,2.6
37.7449,-82.0602,1200,2.1
38.0278,-81.7286,11800,2.4
38.0381,-81.4413,5900,2.6
38.0404,-81.4797,12600,2.4
43.8603,-75.959,11600,2.2
37.2264,-81.79,1800,2.5
37.3439,-81.427,1600,2.7
43.5884,-75.343,15400,3.8
40.4763,-78.9038,14900,2.2
39.8449,-79.9427,6100,2
38.0206,-81.4454,5700,2.7
39.2166,-80.2029,3800,2.2
39.8162,-77.2338,4300,1.6
38.1019,-81.3865,7900,2.2
40.582,-75.086,1000,2.1
37.8595,-81.6324,10700,2.2
42.604,-74.119,15000,3.1
44.27,-76.48,5000,2.6
41.99,-80.6,5000,2.8
42.787,-78.205,7000,2.6
43.03,-78.571,6000,2.7
41.336,-74.452,3000,2.3
41.4636,-77.3452,13900,2.4
42.5354,-73.8013,16500,2.2
40.7894,-78.4417,13500,2.3
42.828,-78.248,5000,2.9
40.107,-77.003,1000,0.2
43.255,-78.723,7000,2.3
40.948,-74.392,2000,2.4
42.57,-74.103,9000,2.7
42.572,-74.101,10000,2.4
42.573,-74.096,8000,2.7
42.574,-74.095,7000,2.1
42.634,-74.115,16000,2.8
40.7318,-76.0968,13100,1.7
42.9856,-75.1895,15800,2.4
40.872,-78.2725,12300,2.1
43.0059,-76.4146,15600,2
42.5209,-73.8635,13300,2.1
39.25,-78.0872,15000,3.4
38.0645,-81.5033,5300,2.4
38.0552,-81.4888,9200,2.8
41.4817,-77.3558,12500,2.2
44.0636,-75.8842,14600,2.2
44.241,-73.538,23900,2.4
38.686,-80.815,100,2.6
38.647,-80.872,1100,2.7
38.722,-80.803,5000,2.5
38.623,-80.911,100,2.4
44.794,-74.629,8000,2.5
40.086,-76.974,1500,2.9
40.42,-74.31,5000,2.3
40.5452,-79.072,12900,2.4
37.8937,-81.2832,9200,2.4
40.7688,-79.7286,22800,1.9
44.0226,-75.6724,11300,1.5
38.0169,-80.5445,2300,2.6
42.5082,-73.8629,11900,2.3
44.0594,-75.8822,16700,2.1
37.2483,-81.4738,5600,2.9
44.52,-74.277,8200,2.6
40.092,-74.979,5000,0.4
44.703,-74.382,5000,3
44.702,-74.392,5000,2.3
37.916,-80.215,12900,2.7
42.683,-74.091,18000,2.8
42.688,-74.094,20300,2.7
42.681,-74.094,22900,2.2
42.687,-74.091,22100,2.9
39.4,-81.27,5000,2.8
39.789,-75.016,5000,2.2
38.234,-81.748,5000,2.6
43.0795,-74.1,6400,1.8
41.135,-80.685,5000,2.5
41.125,-80.704,6000,2.2
44.78,-74.62,5000,2.4
41.11,-80.69,3500,2.7
41.122,-80.684,5000,3.7
44.942,-74.663,10000,2.3
43.555,-74.05,5000,2.3
44.308,-75.923,5000,2.7
37.9714,-81.394,4500,2.7
37.5878,-82.0707,6600,2.3
42.9874,-75.18,14900,2.2
37.882,-81.2689,2400,2.2
43.5783,-75.3438,16400,1.6
44.7482,-74.9807,8200,1.2
43.3038,-75.0882,5000,2
38.645,-80.8332,8100,3.4
44.0688,-76.0213,7500,1.7
41.4467,-77.3844,7100,2.7
39.8185,-75.0058333,5240,1.02
42.693,-74.0896667,11920,1.65
41.4815,-80.3641667,5000,2.18
43.64,-78.3958333,5000,2.88
41.0088333,-80.555,5000,2.42
41.0096667,-80.53,5000,2.23
41.009,-80.5316667,5000,2.64
41.0025,-80.5336667,5220,2.1
45.1875,-73.6607,13900,2.3
39.4216,-76.2437,9900,2.6
41.4571,-77.4006,7800,1.3
40.8075,-78.5401,12700,3
40.957,-74.5325,12500,2.5
38.1411,-82.0749,14900,2.5
39.7178,-79.7247,6400,1.7
43.0356,-74.707,2700,2
37.3263,-81.9165,1800,2.6
40.173,-80.9394,17000,2.1
41.088,-78.2998,12100,2.1
37.8446,-81.3658,7600,2.2
42.9611,-75.4762,13200,2.1
40.9082,-79.7063,14000,3.1
43.0316,-74.7098,9000,1.9
43.1573,-78.3593,11500,1.2
38.1049,-81.9259,7200,2.2
42.8535,-76.7805,12100,2.2
43.7431,-75.4198,14800,2.1
41.4567,-77.4065,5200,2.4
42.9205,-74.1337,13300,2.1
38.0437,-81.5174,8200,2
43.1109,-73.8509,5000,1.7
42.5004,-73.8583,16000,2.1
38.1163,-81.3605,10100,2.5
37.991,-81.3894,3700,2.1
37.8362,-81.2905,7000,2.1
40.2037,-76.9915,8700,1.6
38.3158,-81.1459,18300,2.4
41.403,-77.5697,7100,2.7
41.4376,-77.412,2100,2.5
38.8281,-79.7296,4300,1.9
37.7114,-82.3657,7800,3.1
38.0715,-81.5702,1600,2.4
40.9616,-74.545,8300,2.3
42.4868,-73.8713,12100,2.2
42.9287,-74.1317,4700,1.8
37.8819,-81.2178,6700,2.8
41.4639,-77.3709,13300,2.5
41.4155,-75.5505,3200,1.9
41.466,-77.3629,12500,2.4
37.8007,-82.0377,4800,2.6
39.4289,-81.4101,4300,2.8
37.2042,-81.8189,1700,2.7
45.1986,-73.7691,13000,1.9
42.9379,-74.1107,12300,1.6
41.6394,-74.5383,9900,2.3
41.402,-77.4948,9900,2.4
45.1803,-73.6498,11000,1.9
45.2936,-73.4152,3200,1.8
42.7809,-73.5647,14000,2.1
40.7191,-76.4854,4300,2.4
43.0709,-76.4046,14100,1.1
38.1153,-81.9822,9100,2.6
40.4609,-77.8738,15700,2.5
39.7599,-79.7564,6100,2
38.1605,-80.3346,6200,3.2
42.5448,-74.2016,18300,2
37.9388,-81.629,600,3.2
39.0471,-82.1694,20000,2.6
38.1126,-81.9846,12900,2.5
37.8504,-81.1308,13400,2.5
37.8628,-81.7361,6900,2.4
38.1033,-81.9891,7700,2.5
38.4179,-81.0025,2400,3
38.0869,-81.9685,12400,2.5
38.052,-81.6341,7000,2.7
37.6826,-82.5286,10400,2.1
40.0801,-81.0216,9800,2.3
38.0935,-81.9879,12800,2.5
38.0901,-82.0078,10400,2.3
38.1517,-82.0304,7300,2.6
37.4125,-81.96,14900,2.3
40.1531,-80.9257,14700,2.3
38.0931,-81.9493,11700,2.3
38.1088,-82.0771,2800,2.5
41.4556,-77.3942,6800,2.4
38.105,-81.9827,12800,2.3
38.1026,-81.9608,12500,2.2
39.7341,-79.739,4500,1.9
37.193,-80.839,15000,3.2
39.832,-75.66,5000,2.2
38.758,-78.423,3200,2.4
40.8727,-76.096,16200,1.9
38.1046,-81.9929,12900,2.5
38.0895,-82.0076,3700,2.6
41.4405,-77.4068,8600,2.5
41.4521,-77.4039,6100,2.4
40.22,-80.5558,5400,2.3
41.4542,-77.3782,6300,2.5
38.1326,-81.9694,7000,2.3
37.9763,-81.4013,2900,3.1
38.1105,-82.001,4900,2.6
44.75,-73.72,4600,3.3
40.885,-74.069,6600,1.9
44.934,-74.63,12300,2.1
44.0916667,-76.0248333,5000,2.04
41.021,-80.541,15900,2.4
40.4015,-78.5015,2700,1.9
41.4489,-77.3885,5800,2.5
45.0299,-73.0634,8700,2
44.7696,-74.9912,14000,2.1
43.7477,-75.433,5200,2.4
41.4505,-77.3949,4900,2.5
41.4304,-77.4369,6400,2.3
41.44,-77.4124,5500,2.6
38.0824,-81.6279,2800,2.1
38.0988,-82.0313,3800,2.5
41.634,-74.5111,13900,2
43.0839,-74.5531,16300,1.9
42.9238,-74.1319,6000,1.8
38.0872,-82.0278,3400,2.5
39.5625,-76.5334,11200,1.5
38.0828,-81.9803,6600,2.3
44.7777,-74.9795,15600,2
42.9263,-74.1375,10500,1.9
41.4608,-77.3912,9100,2.6
40.2958,-80.6809,4300,2.2
42.9501,-74.1358,5600,1.9
37.4678,-80.321,13400,1.6
40.9623,-74.5317,7000,1.9
41.6295,-74.5213,12100,1.9
44.7766,-74.9764,13400,2.1
40.3751,-74.9142,3000,2
37.4076,-81.9959,5000,2.2
38.0609,-81.4572,400,3.1
41.459,-77.3823,1800,2.7
39.5781,-78.7711,13600,2.2
39.7284,-79.7333,1800,2
38.1023,-81.9894,7900,2.4
38.0874,-82.012,1900,2.1
44.7625,-74.9816,7800,2.2
38.2145,-81.8966,3300,2.5
38.1335,-82.0435,2400,2.2
43.7488,-75.4302,14100,1.8
41.4042,-77.3647,10800,2.5
42.9292,-74.1438,4200,2.1
39.6689,-78.1495,9400,2.1
42.7744,-73.5569,3600,1.7
41.4521,-77.4022,2200,2.5
45.3009,-73.6572,18600,1.4
45.1806,-73.6552,5000,1.9
42.9258,-74.1561,10000,2
38.1097,-81.9744,4500,2
37.753,-82.0335,1200,2.2
37.4272,-82.0363,1200,2.2
37.7516,-81.9977,1200,2.3
37.686,-82.0538,6400,2.1
37.7915,-82.1332,2900,2.4
40.8796,-75.8267,6700,2
37.9911,-81.3912,8600,2.3
38.0222,-81.4621,2400,2.2
40.7294,-76.0261,14100,2.4
43.5916,-75.3407,13300,1.9
45.19,-75.05,14000,3.2
40.993,-73.828,5200,2.2
37.248,-80.485,11100,2.8
40.99,-73.82,5000,2
44.377,-73.795,10000,2.2
40.073,-77.002,1000,1.1
40.085,-76.998,1000,2.4
40.064,-77.027,1500,2.9
38.81,-82.27,5000,3.3
40.073,-77.013,1000,2
40.088,-77.001,1000,1.3
42.571,-74.112,9000,3
42.567,-74.109,6000,2.1
37.8667,-81.8386,2800,2.4
38.0345,-81.497,7400,2.8
40.1671,-80.9521,12900,2.5
37.9496,-81.3663,9500,2.3
41.4521,-77.3709,11100,2.6
41.0997,-78.367,3100,2.1
43.7508,-74.1109,17000,2.2
42.4991,-73.8542,18900,2.2
